"CubeId";"babilhypisdpua"
"PublishingDate";"2020-09-24 09:00"

"Date";"INLANDAUSLAND";"BANKENGRUPPE";"Value"
"2002";"CHE1";"S10";"539800.725"
"2002";"CHE1";"G10";"192223.564"
"2002";"CHE1";"G15";"181508.542"
"2002";"CHE1";"G20";"61235.759"
"2002";"CHE1";"G25";"68570.353"
"2002";"ZH";"S10";"106640.277"
"2002";"ZH";"G10";"47880.248"
"2002";"ZH";"G15";"42040.718"
"2002";"ZH";"G20";"6694.904"
"2002";"ZH";"G25";"1585.541"
"2002";"BE";"S10";"60454.483"
"2002";"BE";"G10";"11264.42"
"2002";"BE";"G15";"23585.494"
"2002";"BE";"G20";"15828.321"
"2002";"BE";"G25";"5264.889"
"2002";"LU";"S10";"26045.32"
"2002";"LU";"G10";"11110.871"
"2002";"LU";"G15";"6524.997"
"2002";"LU";"G20";"3972.715"
"2002";"LU";"G25";"3660.194"
"2002";"UR";"S10";"2514.038"
"2002";"UR";"G10";"1442.38"
"2002";"UR";"G15";"513.396"
"2002";"UR";"G20";"5"
"2002";"UR";"G25";"541.984"
"2002";"SZ";"S10";"12264.063"
"2002";"SZ";"G10";"6702.195"
"2002";"SZ";"G15";"2693.255"
"2002";"SZ";"G20";"1345.595"
"2002";"SZ";"G25";"1246.958"
"2002";"OW";"S10";"2955.305"
"2002";"OW";"G10";"1908.895"
"2002";"OW";"G15";"487.102"
"2002";"OW";"G20";"90.286"
"2002";"OW";"G25";"447.801"
"2002";"NW";"S10";"3267.715"
"2002";"NW";"G10";"1577.925"
"2002";"NW";"G15";"872.101"
"2002";"NW";"G20";"17.942"
"2002";"NW";"G25";"738.159"
"2002";"GL";"S10";"2796.524"
"2002";"GL";"G10";"1733.015"
"2002";"GL";"G15";"607.827"
"2002";"GL";"G20";"278.334"
"2002";"GL";"G25";"159.34"
"2002";"ZG";"S10";"10836.415"
"2002";"ZG";"G10";"6013.691"
"2002";"ZG";"G15";"2519.948"
"2002";"ZG";"G20";"96.908"
"2002";"ZG";"G25";"1818.04"
"2002";"FR";"S10";"15731.83"
"2002";"FR";"G10";"5700.712"
"2002";"FR";"G15";"4960.998"
"2002";"FR";"G20";"1312.869"
"2002";"FR";"G25";"3293.473"
"2002";"SO";"S10";"20238.835"
"2002";"SO";"G10";"1317.565"
"2002";"SO";"G15";"5823.247"
"2002";"SO";"G20";"6034.773"
"2002";"SO";"G25";"5907.582"
"2002";"BS";"S10";"12709.619"
"2002";"BS";"G10";"4941.785"
"2002";"BS";"G15";"5030.176"
"2002";"BS";"G20";"99.431"
"2002";"BS";"G25";"83.224"
"2002";"BL";"S10";"21310.41"
"2002";"BL";"G10";"10391.154"
"2002";"BL";"G15";"6739.598"
"2002";"BL";"G20";"590.228"
"2002";"BL";"G25";"1659.753"
"2002";"SH";"S10";"5810.135"
"2002";"SH";"G10";"2566.588"
"2002";"SH";"G15";"1478.251"
"2002";"SH";"G20";"1177.744"
"2002";"SH";"G25";"259.886"
"2002";"AR";"S10";"3132.305"
"2002";"AR";"G10";"610.59"
"2002";"AR";"G15";"1563.246"
"2002";"AR";"G20";"220.502"
"2002";"AR";"G25";"617.46"
"2002";"AI";"S10";"1168.57"
"2002";"AI";"G10";"782.951"
"2002";"AI";"G15";"121.926"
"2002";"AI";"G20";"12.747"
"2002";"AI";"G25";"244.736"
"2002";"SG";"S10";"35582.436"
"2002";"SG";"G10";"11052.665"
"2002";"SG";"G15";"6848.012"
"2002";"SG";"G20";"5350.235"
"2002";"SG";"G25";"11104.75"
"2002";"GR";"S10";"17585.932"
"2002";"GR";"G10";"9458.532"
"2002";"GR";"G15";"5048.269"
"2002";"GR";"G20";"101.001"
"2002";"GR";"G25";"2512.455"
"2002";"AG";"S10";"48219.104"
"2002";"AG";"G10";"10341.01"
"2002";"AG";"G15";"10901.547"
"2002";"AG";"G20";"16029.07"
"2002";"AG";"G25";"8683.229"
"2002";"TG";"S10";"19973.702"
"2002";"TG";"G10";"10551.76"
"2002";"TG";"G15";"4180.602"
"2002";"TG";"G20";"129.246"
"2002";"TG";"G25";"4517.78"
"2002";"TI";"S10";"22780.678"
"2002";"TI";"G10";"4470.791"
"2002";"TI";"G15";"10229.636"
"2002";"TI";"G20";"134.029"
"2002";"TI";"G25";"4083.927"
"2002";"VD";"S10";"36180.208"
"2002";"VD";"G10";"15636.338"
"2002";"VD";"G15";"14439.4"
"2002";"VD";"G20";"1027.626"
"2002";"VD";"G25";"2574.376"
"2002";"VS";"S10";"16096.24"
"2002";"VS";"G10";"4402.816"
"2002";"VS";"G15";"6457.052"
"2002";"VS";"G20";"130.405"
"2002";"VS";"G25";"4630.963"
"2002";"NE";"S10";"7914.987"
"2002";"NE";"G10";"3132.048"
"2002";"NE";"G15";"3495.862"
"2002";"NE";"G20";"18.143"
"2002";"NE";"G25";"746.604"
"2002";"GE";"S10";"23212.866"
"2002";"GE";"G10";"6021.116"
"2002";"GE";"G15";"13002.319"
"2002";"GE";"G20";"30.871"
"2002";"GE";"G25";"1003.226"
"2002";"JU";"S10";"4378.728"
"2002";"JU";"G10";"1211.503"
"2002";"JU";"G15";"1343.563"
"2002";"JU";"G20";"506.834"
"2002";"JU";"G25";"1184.023"
"2003";"CHE1";"S10";"562519.599"
"2003";"CHE1";"G10";"197573.6"
"2003";"CHE1";"G15";"189977.569"
"2003";"CHE1";"G20";"62492.472"
"2003";"CHE1";"G25";"74154.267"
"2003";"ZH";"S10";"107571.656"
"2003";"ZH";"G10";"45455.475"
"2003";"ZH";"G15";"44505.479"
"2003";"ZH";"G20";"7183.25"
"2003";"ZH";"G25";"1905.117"
"2003";"BE";"S10";"63415.806"
"2003";"BE";"G10";"12190.714"
"2003";"BE";"G15";"24730.754"
"2003";"BE";"G20";"15959.052"
"2003";"BE";"G25";"5713.121"
"2003";"LU";"S10";"26790.901"
"2003";"LU";"G10";"11064.336"
"2003";"LU";"G15";"6607.481"
"2003";"LU";"G20";"4056.682"
"2003";"LU";"G25";"4024.243"
"2003";"UR";"S10";"2592.401"
"2003";"UR";"G10";"1469.037"
"2003";"UR";"G15";"516.402"
"2003";"UR";"G20";"9.358"
"2003";"UR";"G25";"579.851"
"2003";"SZ";"S10";"13168.437"
"2003";"SZ";"G10";"7301.24"
"2003";"SZ";"G15";"2841.42"
"2003";"SZ";"G20";"1414.124"
"2003";"SZ";"G25";"1359.804"
"2003";"OW";"S10";"3120.717"
"2003";"OW";"G10";"2000.821"
"2003";"OW";"G15";"502.752"
"2003";"OW";"G20";"89.322"
"2003";"OW";"G25";"485.907"
"2003";"NW";"S10";"3671.185"
"2003";"NW";"G10";"1836.021"
"2003";"NW";"G15";"901.611"
"2003";"NW";"G20";"23.904"
"2003";"NW";"G25";"809.834"
"2003";"GL";"S10";"2905.517"
"2003";"GL";"G10";"1802.413"
"2003";"GL";"G15";"604.208"
"2003";"GL";"G20";"296.015"
"2003";"GL";"G25";"183.458"
"2003";"ZG";"S10";"11530.74"
"2003";"ZG";"G10";"6419.415"
"2003";"ZG";"G15";"2704.357"
"2003";"ZG";"G20";"55.471"
"2003";"ZG";"G25";"1980.127"
"2003";"FR";"S10";"16539.439"
"2003";"FR";"G10";"5845.378"
"2003";"FR";"G15";"5278.296"
"2003";"FR";"G20";"1285.888"
"2003";"FR";"G25";"3549.18"
"2003";"SO";"S10";"20933.393"
"2003";"SO";"G10";"1694.98"
"2003";"SO";"G15";"5967.803"
"2003";"SO";"G20";"5962.163"
"2003";"SO";"G25";"6081.997"
"2003";"BS";"S10";"12259.618"
"2003";"BS";"G10";"5087.36"
"2003";"BS";"G15";"5081.207"
"2003";"BS";"G20";"123.844"
"2003";"BS";"G25";"134.82"
"2003";"BL";"S10";"23021.988"
"2003";"BL";"G10";"10927.998"
"2003";"BL";"G15";"7158.998"
"2003";"BL";"G20";"702.282"
"2003";"BL";"G25";"1822.594"
"2003";"SH";"S10";"5975.821"
"2003";"SH";"G10";"2641.522"
"2003";"SH";"G15";"1518.867"
"2003";"SH";"G20";"1215.349"
"2003";"SH";"G25";"288.622"
"2003";"AR";"S10";"3506.35"
"2003";"AR";"G10";"973.438"
"2003";"AR";"G15";"1562.675"
"2003";"AR";"G20";"242.446"
"2003";"AR";"G25";"576.055"
"2003";"AI";"S10";"1209.972"
"2003";"AI";"G10";"809.965"
"2003";"AI";"G15";"118.286"
"2003";"AI";"G20";"15.47"
"2003";"AI";"G25";"256.655"
"2003";"SG";"S10";"37210.023"
"2003";"SG";"G10";"11914.882"
"2003";"SG";"G15";"6953.137"
"2003";"SG";"G20";"5090.854"
"2003";"SG";"G25";"12120.28"
"2003";"GR";"S10";"18237.429"
"2003";"GR";"G10";"9652.947"
"2003";"GR";"G15";"5220.205"
"2003";"GR";"G20";"156.911"
"2003";"GR";"G25";"2627.099"
"2003";"AG";"S10";"51434.3"
"2003";"AG";"G10";"11997.723"
"2003";"AG";"G15";"11337.273"
"2003";"AG";"G20";"16466.041"
"2003";"AG";"G25";"9242.405"
"2003";"TG";"S10";"20724.953"
"2003";"TG";"G10";"10782.782"
"2003";"TG";"G15";"4210.837"
"2003";"TG";"G20";"167.032"
"2003";"TG";"G25";"4905.112"
"2003";"TI";"S10";"24358.457"
"2003";"TI";"G10";"4968.674"
"2003";"TI";"G15";"10424.132"
"2003";"TI";"G20";"145.386"
"2003";"TI";"G25";"4483.485"
"2003";"VD";"S10";"38677.499"
"2003";"VD";"G10";"15855.703"
"2003";"VD";"G15";"15999.501"
"2003";"VD";"G20";"1095.808"
"2003";"VD";"G25";"2877.175"
"2003";"VS";"S10";"16642.817"
"2003";"VS";"G10";"4602.484"
"2003";"VS";"G15";"6419.054"
"2003";"VS";"G20";"134.583"
"2003";"VS";"G25";"4898.239"
"2003";"NE";"S10";"8159.204"
"2003";"NE";"G10";"3033.501"
"2003";"NE";"G15";"3731.567"
"2003";"NE";"G20";"28.649"
"2003";"NE";"G25";"799.078"
"2003";"GE";"S10";"24312.93"
"2003";"GE";"G10";"6046.387"
"2003";"GE";"G15";"13681.701"
"2003";"GE";"G20";"27.777"
"2003";"GE";"G25";"1183.528"
"2003";"JU";"S10";"4548.046"
"2003";"JU";"G10";"1198.404"
"2003";"JU";"G15";"1399.566"
"2003";"JU";"G20";"544.811"
"2003";"JU";"G25";"1266.481"
"2004";"CHE1";"S10";"586809.428"
"2004";"CHE1";"G10";"203217.926"
"2004";"CHE1";"G15";"198889.559"
"2004";"CHE1";"G20";"64118.682"
"2004";"CHE1";"G25";"79471.579"
"2004";"ZH";"S10";"111805.016"
"2004";"ZH";"G10";"46999.278"
"2004";"ZH";"G15";"45759.648"
"2004";"ZH";"G20";"7510.176"
"2004";"ZH";"G25";"2439.744"
"2004";"BE";"S10";"66053.062"
"2004";"BE";"G10";"12490.948"
"2004";"BE";"G15";"25576.196"
"2004";"BE";"G20";"16391.437"
"2004";"BE";"G25";"6340.261"
"2004";"LU";"S10";"27910.176"
"2004";"LU";"G10";"11764.607"
"2004";"LU";"G15";"6694.046"
"2004";"LU";"G20";"4038.705"
"2004";"LU";"G25";"4397.726"
"2004";"UR";"S10";"2633.79"
"2004";"UR";"G10";"1497.718"
"2004";"UR";"G15";"501.109"
"2004";"UR";"G20";"9.657"
"2004";"UR";"G25";"610.142"
"2004";"SZ";"S10";"13615.576"
"2004";"SZ";"G10";"7587.531"
"2004";"SZ";"G15";"2807.585"
"2004";"SZ";"G20";"1527.709"
"2004";"SZ";"G25";"1453.84"
"2004";"OW";"S10";"3126.516"
"2004";"OW";"G10";"1992.656"
"2004";"OW";"G15";"464.837"
"2004";"OW";"G20";"115.397"
"2004";"OW";"G25";"511.611"
"2004";"NW";"S10";"3569.189"
"2004";"NW";"G10";"1810.991"
"2004";"NW";"G15";"782.431"
"2004";"NW";"G20";"14.506"
"2004";"NW";"G25";"868.803"
"2004";"GL";"S10";"2982.867"
"2004";"GL";"G10";"1840.688"
"2004";"GL";"G15";"611.927"
"2004";"GL";"G20";"302.295"
"2004";"GL";"G25";"209.607"
"2004";"ZG";"S10";"12015.673"
"2004";"ZG";"G10";"6761.805"
"2004";"ZG";"G15";"2636.937"
"2004";"ZG";"G20";"59.465"
"2004";"ZG";"G25";"2146.71"
"2004";"FR";"S10";"17433.538"
"2004";"FR";"G10";"5956.897"
"2004";"FR";"G15";"5676.142"
"2004";"FR";"G20";"1370"
"2004";"FR";"G25";"3836.536"
"2004";"SO";"S10";"22000.442"
"2004";"SO";"G10";"1996.485"
"2004";"SO";"G15";"6335.623"
"2004";"SO";"G20";"5961.271"
"2004";"SO";"G25";"6454.117"
"2004";"BS";"S10";"12976.675"
"2004";"BS";"G10";"5237.794"
"2004";"BS";"G15";"4718.023"
"2004";"BS";"G20";"98.633"
"2004";"BS";"G25";"194.067"
"2004";"BL";"S10";"23131.015"
"2004";"BL";"G10";"11280.438"
"2004";"BL";"G15";"7155.875"
"2004";"BL";"G20";"698.022"
"2004";"BL";"G25";"2022.155"
"2004";"SH";"S10";"6031.146"
"2004";"SH";"G10";"2657.84"
"2004";"SH";"G15";"1536.502"
"2004";"SH";"G20";"1204.648"
"2004";"SH";"G25";"271.135"
"2004";"AR";"S10";"3793.183"
"2004";"AR";"G10";"1019.323"
"2004";"AR";"G15";"1630.523"
"2004";"AR";"G20";"251.846"
"2004";"AR";"G25";"781.656"
"2004";"AI";"S10";"1225.413"
"2004";"AI";"G10";"832.499"
"2004";"AI";"G15";"96.28"
"2004";"AI";"G20";"16.882"
"2004";"AI";"G25";"271.116"
"2004";"SG";"S10";"37920.308"
"2004";"SG";"G10";"12360.911"
"2004";"SG";"G15";"7206.775"
"2004";"SG";"G20";"5170.612"
"2004";"SG";"G25";"11865.754"
"2004";"GR";"S10";"19439.318"
"2004";"GR";"G10";"9591.969"
"2004";"GR";"G15";"6261.244"
"2004";"GR";"G20";"183.432"
"2004";"GR";"G25";"2777.143"
"2004";"AG";"S10";"53369.918"
"2004";"AG";"G10";"12607.649"
"2004";"AG";"G15";"11656.373"
"2004";"AG";"G20";"16950.698"
"2004";"AG";"G25";"9835.175"
"2004";"TG";"S10";"21474.956"
"2004";"TG";"G10";"10938.42"
"2004";"TG";"G15";"4410.972"
"2004";"TG";"G20";"219.585"
"2004";"TG";"G25";"5328.012"
"2004";"TI";"S10";"26419.888"
"2004";"TI";"G10";"5080.662"
"2004";"TI";"G15";"11528.976"
"2004";"TI";"G20";"155.706"
"2004";"TI";"G25";"4864.559"
"2004";"VD";"S10";"41068.739"
"2004";"VD";"G10";"15810.711"
"2004";"VD";"G15";"17754.316"
"2004";"VD";"G20";"1073.602"
"2004";"VD";"G25";"3175.522"
"2004";"VS";"S10";"18447.155"
"2004";"VS";"G10";"4757.569"
"2004";"VS";"G15";"7721.024"
"2004";"VS";"G20";"153.643"
"2004";"VS";"G25";"5209.285"
"2004";"NE";"S10";"8426.638"
"2004";"NE";"G10";"3114.809"
"2004";"NE";"G15";"3802.544"
"2004";"NE";"G20";"39.87"
"2004";"NE";"G25";"867.986"
"2004";"GE";"S10";"25216.82"
"2004";"GE";"G10";"6022.74"
"2004";"GE";"G15";"14104.786"
"2004";"GE";"G20";"32.811"
"2004";"GE";"G25";"1387.673"
"2004";"JU";"S10";"4722.411"
"2004";"JU";"G10";"1204.988"
"2004";"JU";"G15";"1458.865"
"2004";"JU";"G20";"568.074"
"2004";"JU";"G25";"1351.244"
"2005";"CHE1";"S10";"618015.142"
"2005";"CHE1";"G10";"210454.191"
"2005";"CHE1";"G15";"214016.332"
"2005";"CHE1";"G20";"66105.971"
"2005";"CHE1";"G25";"83890.122"
"2005";"ZH";"S10";"118518.316"
"2005";"ZH";"G10";"49339.462"
"2005";"ZH";"G15";"48860.184"
"2005";"ZH";"G20";"7991.845"
"2005";"ZH";"G25";"2823.252"
"2005";"BE";"S10";"69641.026"
"2005";"BE";"G10";"12906.183"
"2005";"BE";"G15";"27345.602"
"2005";"BE";"G20";"16742.988"
"2005";"BE";"G25";"6952.577"
"2005";"LU";"S10";"28429.228"
"2005";"LU";"G10";"11470.886"
"2005";"LU";"G15";"7110.677"
"2005";"LU";"G20";"4062.365"
"2005";"LU";"G25";"4677.381"
"2005";"UR";"S10";"2724.827"
"2005";"UR";"G10";"1548.274"
"2005";"UR";"G15";"515.889"
"2005";"UR";"G20";"8.989"
"2005";"UR";"G25";"631.138"
"2005";"SZ";"S10";"14520.078"
"2005";"SZ";"G10";"7947.033"
"2005";"SZ";"G15";"3140.045"
"2005";"SZ";"G20";"1640.548"
"2005";"SZ";"G25";"1533.825"
"2005";"OW";"S10";"3258.739"
"2005";"OW";"G10";"2099.688"
"2005";"OW";"G15";"502.757"
"2005";"OW";"G20";"93.707"
"2005";"OW";"G25";"522.342"
"2005";"NW";"S10";"3786.494"
"2005";"NW";"G10";"1919.605"
"2005";"NW";"G15";"842.235"
"2005";"NW";"G20";"28.147"
"2005";"NW";"G25";"890.128"
"2005";"GL";"S10";"3001.432"
"2005";"GL";"G10";"1816.935"
"2005";"GL";"G15";"605.807"
"2005";"GL";"G20";"325.12"
"2005";"GL";"G25";"228.196"
"2005";"ZG";"S10";"12396.373"
"2005";"ZG";"G10";"6675.031"
"2005";"ZG";"G15";"2879.473"
"2005";"ZG";"G20";"80.738"
"2005";"ZG";"G25";"2314.758"
"2005";"FR";"S10";"18745.138"
"2005";"FR";"G10";"6164.645"
"2005";"FR";"G15";"6178.842"
"2005";"FR";"G20";"1410.626"
"2005";"FR";"G25";"4274.578"
"2005";"SO";"S10";"22995.155"
"2005";"SO";"G10";"2307.701"
"2005";"SO";"G15";"6607.06"
"2005";"SO";"G20";"6056.23"
"2005";"SO";"G25";"6708.865"
"2005";"BS";"S10";"12136.097"
"2005";"BS";"G10";"5205.357"
"2005";"BS";"G15";"4698.712"
"2005";"BS";"G20";"139.167"
"2005";"BS";"G25";"157.74"
"2005";"BL";"S10";"25164.559"
"2005";"BL";"G10";"11795.824"
"2005";"BL";"G15";"7733.895"
"2005";"BL";"G20";"776.126"
"2005";"BL";"G25";"2261.622"
"2005";"SH";"S10";"6306.026"
"2005";"SH";"G10";"2763.901"
"2005";"SH";"G15";"1655.938"
"2005";"SH";"G20";"1257.546"
"2005";"SH";"G25";"293.906"
"2005";"AR";"S10";"4088.168"
"2005";"AR";"G10";"1168.655"
"2005";"AR";"G15";"1669.596"
"2005";"AR";"G20";"276.268"
"2005";"AR";"G25";"810.492"
"2005";"AI";"S10";"1278.008"
"2005";"AI";"G10";"865.926"
"2005";"AI";"G15";"102.999"
"2005";"AI";"G20";"17.478"
"2005";"AI";"G25";"282.128"
"2005";"SG";"S10";"37839.489"
"2005";"SG";"G10";"12312.497"
"2005";"SG";"G15";"7562.755"
"2005";"SG";"G20";"5282.338"
"2005";"SG";"G25";"11480.789"
"2005";"GR";"S10";"20470.515"
"2005";"GR";"G10";"9925.839"
"2005";"GR";"G15";"6665.946"
"2005";"GR";"G20";"213.566"
"2005";"GR";"G25";"2918.823"
"2005";"AG";"S10";"56202.682"
"2005";"AG";"G10";"13339.138"
"2005";"AG";"G15";"12606.974"
"2005";"AG";"G20";"17437.977"
"2005";"AG";"G25";"10316.203"
"2005";"TG";"S10";"22560.986"
"2005";"TG";"G10";"11363.105"
"2005";"TG";"G15";"4672.794"
"2005";"TG";"G20";"226.306"
"2005";"TG";"G25";"5612.622"
"2005";"TI";"S10";"28333.797"
"2005";"TI";"G10";"5408.009"
"2005";"TI";"G15";"12291.008"
"2005";"TI";"G20";"163.896"
"2005";"TI";"G25";"5278.985"
"2005";"VD";"S10";"44283.267"
"2005";"VD";"G10";"16185.275"
"2005";"VD";"G15";"19892.997"
"2005";"VD";"G20";"1018.838"
"2005";"VD";"G25";"3480.261"
"2005";"VS";"S10";"19670.216"
"2005";"VS";"G10";"5016.591"
"2005";"VS";"G15";"8244.682"
"2005";"VS";"G20";"162.3"
"2005";"VS";"G25";"5545.965"
"2005";"NE";"S10";"9049.355"
"2005";"NE";"G10";"3443.65"
"2005";"NE";"G15";"4016.048"
"2005";"NE";"G20";"41.52"
"2005";"NE";"G25";"911.168"
"2005";"GE";"S10";"27662.002"
"2005";"GE";"G10";"6230.949"
"2005";"GE";"G15";"16079.236"
"2005";"GE";"G20";"37.773"
"2005";"GE";"G25";"1539.19"
"2005";"JU";"S10";"4953.169"
"2005";"JU";"G10";"1234.032"
"2005";"JU";"G15";"1534.181"
"2005";"JU";"G20";"613.569"
"2005";"JU";"G25";"1443.188"
"2006";"CHE1";"S10";"642482.409"
"2006";"CHE1";"G10";"216954.016"
"2006";"CHE1";"G15";"222131.014"
"2006";"CHE1";"G20";"67825.503"
"2006";"CHE1";"G25";"88153.019"
"2006";"ZH";"S10";"123054.022"
"2006";"ZH";"G10";"51298.63"
"2006";"ZH";"G15";"50233.315"
"2006";"ZH";"G20";"8444.762"
"2006";"ZH";"G25";"3061.968"
"2006";"BE";"S10";"71803.512"
"2006";"BE";"G10";"13235.367"
"2006";"BE";"G15";"27925.739"
"2006";"BE";"G20";"17272.041"
"2006";"BE";"G25";"7316.526"
"2006";"LU";"S10";"29253.008"
"2006";"LU";"G10";"11792.764"
"2006";"LU";"G15";"7241.594"
"2006";"LU";"G20";"4100.757"
"2006";"LU";"G25";"4946.155"
"2006";"UR";"S10";"2808.705"
"2006";"UR";"G10";"1562.44"
"2006";"UR";"G15";"512.887"
"2006";"UR";"G20";"52.684"
"2006";"UR";"G25";"660.001"
"2006";"SZ";"S10";"14887.54"
"2006";"SZ";"G10";"8095.08"
"2006";"SZ";"G15";"3305.431"
"2006";"SZ";"G20";"1550.7"
"2006";"SZ";"G25";"1627.371"
"2006";"OW";"S10";"3272.068"
"2006";"OW";"G10";"2069.162"
"2006";"OW";"G15";"501.909"
"2006";"OW";"G20";"111.551"
"2006";"OW";"G25";"547.096"
"2006";"NW";"S10";"3954.299"
"2006";"NW";"G10";"2018.09"
"2006";"NW";"G15";"869.311"
"2006";"NW";"G20";"26.082"
"2006";"NW";"G25";"922.14"
"2006";"GL";"S10";"3064.813"
"2006";"GL";"G10";"1810.948"
"2006";"GL";"G15";"612.066"
"2006";"GL";"G20";"362.072"
"2006";"GL";"G25";"248.714"
"2006";"ZG";"S10";"12895.624"
"2006";"ZG";"G10";"6787.466"
"2006";"ZG";"G15";"3029.031"
"2006";"ZG";"G20";"117.405"
"2006";"ZG";"G25";"2480.107"
"2006";"FR";"S10";"19651.587"
"2006";"FR";"G10";"6360.851"
"2006";"FR";"G15";"6481.769"
"2006";"FR";"G20";"1456.257"
"2006";"FR";"G25";"4501.258"
"2006";"SO";"S10";"23802.92"
"2006";"SO";"G10";"2454.837"
"2006";"SO";"G15";"6693.759"
"2006";"SO";"G20";"6315.231"
"2006";"SO";"G25";"6879.23"
"2006";"BS";"S10";"12424.12"
"2006";"BS";"G10";"5208.73"
"2006";"BS";"G15";"4862.889"
"2006";"BS";"G20";"134.594"
"2006";"BS";"G25";"182.689"
"2006";"BL";"S10";"25841.429"
"2006";"BL";"G10";"12063.084"
"2006";"BL";"G15";"7963.331"
"2006";"BL";"G20";"615.983"
"2006";"BL";"G25";"2435.038"
"2006";"SH";"S10";"6491.331"
"2006";"SH";"G10";"2824.666"
"2006";"SH";"G15";"1681.799"
"2006";"SH";"G20";"1307.074"
"2006";"SH";"G25";"306.205"
"2006";"AR";"S10";"4147.101"
"2006";"AR";"G10";"1189.784"
"2006";"AR";"G15";"1670.56"
"2006";"AR";"G20";"284.527"
"2006";"AR";"G25";"843.392"
"2006";"AI";"S10";"1386.567"
"2006";"AI";"G10";"945.249"
"2006";"AI";"G15";"115.94"
"2006";"AI";"G20";"17.374"
"2006";"AI";"G25";"297.342"
"2006";"SG";"S10";"39175.96"
"2006";"SG";"G10";"12945.612"
"2006";"SG";"G15";"7724.295"
"2006";"SG";"G20";"5407.436"
"2006";"SG";"G25";"11847.216"
"2006";"GR";"S10";"20977.549"
"2006";"GR";"G10";"10128.549"
"2006";"GR";"G15";"6832.841"
"2006";"GR";"G20";"222.61"
"2006";"GR";"G25";"2987.174"
"2006";"AG";"S10";"57656.701"
"2006";"AG";"G10";"13428.579"
"2006";"AG";"G15";"13045.091"
"2006";"AG";"G20";"17628.88"
"2006";"AG";"G25";"10770.272"
"2006";"TG";"S10";"23092.487"
"2006";"TG";"G10";"11485.074"
"2006";"TG";"G15";"4738.301"
"2006";"TG";"G20";"265.003"
"2006";"TG";"G25";"5841.774"
"2006";"TI";"S10";"29389.901"
"2006";"TI";"G10";"5469.896"
"2006";"TI";"G15";"12613.918"
"2006";"TI";"G20";"161.984"
"2006";"TI";"G25";"5657.558"
"2006";"VD";"S10";"47638.076"
"2006";"VD";"G10";"16925.932"
"2006";"VD";"G15";"21606.369"
"2006";"VD";"G20";"1062.662"
"2006";"VD";"G25";"3799.979"
"2006";"VS";"S10";"20958.355"
"2006";"VS";"G10";"5297.73"
"2006";"VS";"G15";"8633.382"
"2006";"VS";"G20";"172.874"
"2006";"VS";"G25";"5855.643"
"2006";"NE";"S10";"9476.388"
"2006";"NE";"G10";"3730.975"
"2006";"NE";"G15";"4045.439"
"2006";"NE";"G20";"43.295"
"2006";"NE";"G25";"949.029"
"2006";"GE";"S10";"30242.992"
"2006";"GE";"G10";"6570.613"
"2006";"GE";"G15";"17618.905"
"2006";"GE";"G20";"33.772"
"2006";"GE";"G25";"1665.323"
"2006";"JU";"S10";"5135.354"
"2006";"JU";"G10";"1253.908"
"2006";"JU";"G15";"1571.143"
"2006";"JU";"G20";"657.893"
"2006";"JU";"G25";"1523.819"
"2007";"CHE1";"S10";"664103.411"
"2007";"CHE1";"G10";"221850.42"
"2007";"CHE1";"G15";"225498.197"
"2007";"CHE1";"G20";"67492.525"
"2007";"CHE1";"G25";"94298.65"
"2007";"ZH";"S10";"128522.583"
"2007";"ZH";"G10";"52082.106"
"2007";"ZH";"G15";"52001.925"
"2007";"ZH";"G20";"8116.656"
"2007";"ZH";"G25";"5176.6"
"2007";"BE";"S10";"74529.303"
"2007";"BE";"G10";"13496.263"
"2007";"BE";"G15";"27906.035"
"2007";"BE";"G20";"17900.416"
"2007";"BE";"G25";"8798.46"
"2007";"LU";"S10";"31028.773"
"2007";"LU";"G10";"12923.809"
"2007";"LU";"G15";"7260.245"
"2007";"LU";"G20";"4236.226"
"2007";"LU";"G25";"5254.736"
"2007";"UR";"S10";"2818.328"
"2007";"UR";"G10";"1576.617"
"2007";"UR";"G15";"496.093"
"2007";"UR";"G20";"13.483"
"2007";"UR";"G25";"707.695"
"2007";"SZ";"S10";"15494.873"
"2007";"SZ";"G10";"8380.401"
"2007";"SZ";"G15";"3272.726"
"2007";"SZ";"G20";"1034.234"
"2007";"SZ";"G25";"1782.763"
"2007";"OW";"S10";"3252.615"
"2007";"OW";"G10";"2025.532"
"2007";"OW";"G15";"480.756"
"2007";"OW";"G20";"114.747"
"2007";"OW";"G25";"586.067"
"2007";"NW";"S10";"3921.3"
"2007";"NW";"G10";"2093.043"
"2007";"NW";"G15";"822.865"
"2007";"NW";"G20";"29.436"
"2007";"NW";"G25";"857.587"
"2007";"GL";"S10";"3116.622"
"2007";"GL";"G10";"1793.627"
"2007";"GL";"G15";"576.752"
"2007";"GL";"G20";"278.382"
"2007";"GL";"G25";"298.13"
"2007";"ZG";"S10";"13181.862"
"2007";"ZG";"G10";"7216.301"
"2007";"ZG";"G15";"3119.829"
"2007";"ZG";"G20";"154.539"
"2007";"ZG";"G25";"2121.958"
"2007";"FR";"S10";"20514.629"
"2007";"FR";"G10";"6756.846"
"2007";"FR";"G15";"6539.947"
"2007";"FR";"G20";"1555.567"
"2007";"FR";"G25";"4639.374"
"2007";"SO";"S10";"23448.685"
"2007";"SO";"G10";"2665.488"
"2007";"SO";"G15";"6539.759"
"2007";"SO";"G20";"6187.285"
"2007";"SO";"G25";"6410.721"
"2007";"BS";"S10";"12880.276"
"2007";"BS";"G10";"5206.718"
"2007";"BS";"G15";"4819.588"
"2007";"BS";"G20";"185.026"
"2007";"BS";"G25";"485.199"
"2007";"BL";"S10";"26551.242"
"2007";"BL";"G10";"12450.65"
"2007";"BL";"G15";"7953.3"
"2007";"BL";"G20";"884.237"
"2007";"BL";"G25";"2317.773"
"2007";"SH";"S10";"6786.777"
"2007";"SH";"G10";"2874.277"
"2007";"SH";"G15";"1711.805"
"2007";"SH";"G20";"1379.597"
"2007";"SH";"G25";"420.632"
"2007";"AR";"S10";"4400.144"
"2007";"AR";"G10";"1287.484"
"2007";"AR";"G15";"1642.203"
"2007";"AR";"G20";"291.235"
"2007";"AR";"G25";"993.202"
"2007";"AI";"S10";"1297.748"
"2007";"AI";"G10";"981.203"
"2007";"AI";"G15";"111.536"
"2007";"AI";"G20";"17.299"
"2007";"AI";"G25";"176.305"
"2007";"SG";"S10";"39048.169"
"2007";"SG";"G10";"12807.156"
"2007";"SG";"G15";"7754.988"
"2007";"SG";"G20";"4016.334"
"2007";"SG";"G25";"11487.766"
"2007";"GR";"S10";"21785.024"
"2007";"GR";"G10";"10191.893"
"2007";"GR";"G15";"6944.118"
"2007";"GR";"G20";"234.78"
"2007";"GR";"G25";"3290.77"
"2007";"AG";"S10";"59162.509"
"2007";"AG";"G10";"13656.137"
"2007";"AG";"G15";"13056.271"
"2007";"AG";"G20";"18186.193"
"2007";"AG";"G25";"11140.115"
"2007";"TG";"S10";"23639.609"
"2007";"TG";"G10";"11750.873"
"2007";"TG";"G15";"4714.971"
"2007";"TG";"G20";"323.587"
"2007";"TG";"G25";"6010.659"
"2007";"TI";"S10";"30151.58"
"2007";"TI";"G10";"5358.838"
"2007";"TI";"G15";"12566.939"
"2007";"TI";"G20";"163.408"
"2007";"TI";"G25";"6230.15"
"2007";"VD";"S10";"50113.694"
"2007";"VD";"G10";"17289.847"
"2007";"VD";"G15";"22460.569"
"2007";"VD";"G20";"1138.935"
"2007";"VD";"G25";"4424.892"
"2007";"VS";"S10";"22026.807"
"2007";"VS";"G10";"5477.322"
"2007";"VS";"G15";"8856.625"
"2007";"VS";"G20";"193.545"
"2007";"VS";"G25";"6286.673"
"2007";"NE";"S10";"9880.308"
"2007";"NE";"G10";"3981.402"
"2007";"NE";"G15";"4022.082"
"2007";"NE";"G20";"51.404"
"2007";"NE";"G25";"980.126"
"2007";"GE";"S10";"31311.743"
"2007";"GE";"G10";"6234.931"
"2007";"GE";"G15";"18313.71"
"2007";"GE";"G20";"117.674"
"2007";"GE";"G25";"1845.786"
"2007";"JU";"S10";"5238.208"
"2007";"JU";"G10";"1291.656"
"2007";"JU";"G15";"1552.56"
"2007";"JU";"G20";"688.3"
"2007";"JU";"G25";"1574.511"
"2008";"CHE1";"S10";"688042.921"
"2008";"CHE1";"G10";"229947.991"
"2008";"CHE1";"G15";"228091.03"
"2008";"CHE1";"G20";"70237.816"
"2008";"CHE1";"G25";"101434.994"
"2008";"ZH";"S10";"131529.718"
"2008";"ZH";"G10";"53411.081"
"2008";"ZH";"G15";"51277.53"
"2008";"ZH";"G20";"8633.748"
"2008";"ZH";"G25";"6016.836"
"2008";"BE";"S10";"77255.169"
"2008";"BE";"G10";"13973.963"
"2008";"BE";"G15";"28314.931"
"2008";"BE";"G20";"18716.056"
"2008";"BE";"G25";"9556.879"
"2008";"LU";"S10";"32572.45"
"2008";"LU";"G10";"13962.622"
"2008";"LU";"G15";"7299.406"
"2008";"LU";"G20";"4346.947"
"2008";"LU";"G25";"5631.092"
"2008";"UR";"S10";"2869.733"
"2008";"UR";"G10";"1590.596"
"2008";"UR";"G15";"491.861"
"2008";"UR";"G20";"17.352"
"2008";"UR";"G25";"742.389"
"2008";"SZ";"S10";"16129.443"
"2008";"SZ";"G10";"8736.823"
"2008";"SZ";"G15";"3265.031"
"2008";"SZ";"G20";"1069.847"
"2008";"SZ";"G25";"1938.714"
"2008";"OW";"S10";"3310.034"
"2008";"OW";"G10";"2065.924"
"2008";"OW";"G15";"467.392"
"2008";"OW";"G20";"124.229"
"2008";"OW";"G25";"611.922"
"2008";"NW";"S10";"3927.599"
"2008";"NW";"G10";"2093.379"
"2008";"NW";"G15";"781.921"
"2008";"NW";"G20";"26.194"
"2008";"NW";"G25";"913.005"
"2008";"GL";"S10";"3167.852"
"2008";"GL";"G10";"1787.093"
"2008";"GL";"G15";"573.86"
"2008";"GL";"G20";"300.665"
"2008";"GL";"G25";"328.092"
"2008";"ZG";"S10";"13562.411"
"2008";"ZG";"G10";"7182.123"
"2008";"ZG";"G15";"3310.097"
"2008";"ZG";"G20";"241.298"
"2008";"ZG";"G25";"2218.247"
"2008";"FR";"S10";"21467.12"
"2008";"FR";"G10";"7194.406"
"2008";"FR";"G15";"6570.338"
"2008";"FR";"G20";"1562.706"
"2008";"FR";"G25";"5032.517"
"2008";"SO";"S10";"23916.613"
"2008";"SO";"G10";"2874.58"
"2008";"SO";"G15";"6433.133"
"2008";"SO";"G20";"6299.92"
"2008";"SO";"G25";"6629.439"
"2008";"BS";"S10";"13255.581"
"2008";"BS";"G10";"5391.442"
"2008";"BS";"G15";"4909.175"
"2008";"BS";"G20";"209.182"
"2008";"BS";"G25";"557.213"
"2008";"BL";"S10";"27336.972"
"2008";"BL";"G10";"12589.455"
"2008";"BL";"G15";"8174.817"
"2008";"BL";"G20";"951.775"
"2008";"BL";"G25";"2512.534"
"2008";"SH";"S10";"6811.412"
"2008";"SH";"G10";"2787.741"
"2008";"SH";"G15";"1730.248"
"2008";"SH";"G20";"1414.14"
"2008";"SH";"G25";"443.82"
"2008";"AR";"S10";"4318.904"
"2008";"AR";"G10";"1163.084"
"2008";"AR";"G15";"1597.578"
"2008";"AR";"G20";"300.236"
"2008";"AR";"G25";"1066.452"
"2008";"AI";"S10";"1268.931"
"2008";"AI";"G10";"940.017"
"2008";"AI";"G15";"116.377"
"2008";"AI";"G20";"19.094"
"2008";"AI";"G25";"182.352"
"2008";"SG";"S10";"40449.275"
"2008";"SG";"G10";"13511.403"
"2008";"SG";"G15";"7715.507"
"2008";"SG";"G20";"4201.189"
"2008";"SG";"G25";"11948.628"
"2008";"GR";"S10";"22304.248"
"2008";"GR";"G10";"10288.712"
"2008";"GR";"G15";"7042.547"
"2008";"GR";"G20";"239.831"
"2008";"GR";"G25";"3477.546"
"2008";"AG";"S10";"61255.101"
"2008";"AG";"G10";"14095.168"
"2008";"AG";"G15";"13278.972"
"2008";"AG";"G20";"18570.543"
"2008";"AG";"G25";"11895.298"
"2008";"TG";"S10";"24824.215"
"2008";"TG";"G10";"12308.562"
"2008";"TG";"G15";"4822.208"
"2008";"TG";"G20";"395"
"2008";"TG";"G25";"6379.764"
"2008";"TI";"S10";"31661.053"
"2008";"TI";"G10";"5517.423"
"2008";"TI";"G15";"12645.998"
"2008";"TI";"G20";"170.327"
"2008";"TI";"G25";"6745.627"
"2008";"VD";"S10";"52297.718"
"2008";"VD";"G10";"18041.628"
"2008";"VD";"G15";"23144.112"
"2008";"VD";"G20";"1265.322"
"2008";"VD";"G25";"5043.033"
"2008";"VS";"S10";"22943.194"
"2008";"VS";"G10";"5793.092"
"2008";"VS";"G15";"8830.885"
"2008";"VS";"G20";"190.463"
"2008";"VS";"G25";"6791.774"
"2008";"NE";"S10";"10300.994"
"2008";"NE";"G10";"4343.929"
"2008";"NE";"G15";"3969.245"
"2008";"NE";"G20";"55.752"
"2008";"NE";"G25";"1057.797"
"2008";"GE";"S10";"33925.145"
"2008";"GE";"G10";"6979.048"
"2008";"GE";"G15";"19788.298"
"2008";"GE";"G20";"182.282"
"2008";"GE";"G25";"2075.088"
"2008";"JU";"S10";"5382.036"
"2008";"JU";"G10";"1324.697"
"2008";"JU";"G15";"1539.563"
"2008";"JU";"G20";"733.718"
"2008";"JU";"G25";"1638.936"
"2009";"CHE1";"S10";"723515.274"
"2009";"CHE1";"G10";"245789.262"
"2009";"CHE1";"G15";"231251.202"
"2009";"CHE1";"G20";"73761.73"
"2009";"CHE1";"G25";"110678.088"
"2009";"ZH";"S10";"142135.316"
"2009";"ZH";"G10";"58527.597"
"2009";"ZH";"G15";"53674.329"
"2009";"ZH";"G20";"9454.559"
"2009";"ZH";"G25";"7132.572"
"2009";"BE";"S10";"79415.463"
"2009";"BE";"G10";"14773.218"
"2009";"BE";"G15";"27908.545"
"2009";"BE";"G20";"19646.187"
"2009";"BE";"G25";"10426.048"
"2009";"LU";"S10";"33661.895"
"2009";"LU";"G10";"14480.757"
"2009";"LU";"G15";"7184.616"
"2009";"LU";"G20";"4568.609"
"2009";"LU";"G25";"6048.828"
"2009";"UR";"S10";"2994.437"
"2009";"UR";"G10";"1645.471"
"2009";"UR";"G15";"499.825"
"2009";"UR";"G20";"17.627"
"2009";"UR";"G25";"806.873"
"2009";"SZ";"S10";"16980.715"
"2009";"SZ";"G10";"9100.152"
"2009";"SZ";"G15";"3321.503"
"2009";"SZ";"G20";"1201.859"
"2009";"SZ";"G25";"2092.554"
"2009";"OW";"S10";"3484.822"
"2009";"OW";"G10";"2196.2"
"2009";"OW";"G15";"469.189"
"2009";"OW";"G20";"124.118"
"2009";"OW";"G25";"649.319"
"2009";"NW";"S10";"4059.319"
"2009";"NW";"G10";"2161.71"
"2009";"NW";"G15";"784.017"
"2009";"NW";"G20";"44.46"
"2009";"NW";"G25";"946.58"
"2009";"GL";"S10";"3250.42"
"2009";"GL";"G10";"1793.635"
"2009";"GL";"G15";"562.858"
"2009";"GL";"G20";"318.237"
"2009";"GL";"G25";"361.873"
"2009";"ZG";"S10";"14496.333"
"2009";"ZG";"G10";"7683.389"
"2009";"ZG";"G15";"3469.824"
"2009";"ZG";"G20";"306.251"
"2009";"ZG";"G25";"2405.224"
"2009";"FR";"S10";"22442.415"
"2009";"FR";"G10";"7768.26"
"2009";"FR";"G15";"6554.578"
"2009";"FR";"G20";"1418.233"
"2009";"FR";"G25";"5482.245"
"2009";"SO";"S10";"24948.138"
"2009";"SO";"G10";"3266.413"
"2009";"SO";"G15";"6397.317"
"2009";"SO";"G20";"6506.02"
"2009";"SO";"G25";"6922.929"
"2009";"BS";"S10";"14063.958"
"2009";"BS";"G10";"6218.888"
"2009";"BS";"G15";"4679.562"
"2009";"BS";"G20";"199.447"
"2009";"BS";"G25";"665.222"
"2009";"BL";"S10";"28293.092"
"2009";"BL";"G10";"13152.235"
"2009";"BL";"G15";"8097.357"
"2009";"BL";"G20";"1021.776"
"2009";"BL";"G25";"2753.601"
"2009";"SH";"S10";"7042.399"
"2009";"SH";"G10";"2944.783"
"2009";"SH";"G15";"1721.303"
"2009";"SH";"G20";"1449.221"
"2009";"SH";"G25";"463.721"
"2009";"AR";"S10";"4524.502"
"2009";"AR";"G10";"1264.47"
"2009";"AR";"G15";"1582.345"
"2009";"AR";"G20";"305.665"
"2009";"AR";"G25";"1190.1"
"2009";"AI";"S10";"1357.772"
"2009";"AI";"G10";"983.949"
"2009";"AI";"G15";"123.956"
"2009";"AI";"G20";"38.176"
"2009";"AI";"G25";"193.709"
"2009";"SG";"S10";"42193.727"
"2009";"SG";"G10";"14489.904"
"2009";"SG";"G15";"7611.596"
"2009";"SG";"G20";"4279.602"
"2009";"SG";"G25";"12670.13"
"2009";"GR";"S10";"23600.205"
"2009";"GR";"G10";"10871.399"
"2009";"GR";"G15";"7258.511"
"2009";"GR";"G20";"274.671"
"2009";"GR";"G25";"3731.344"
"2009";"AG";"S10";"63424.499"
"2009";"AG";"G10";"14930.659"
"2009";"AG";"G15";"12948.598"
"2009";"AG";"G20";"19268.137"
"2009";"AG";"G25";"12733.577"
"2009";"TG";"S10";"25235.779"
"2009";"TG";"G10";"12158.519"
"2009";"TG";"G15";"4784.9"
"2009";"TG";"G20";"451.084"
"2009";"TG";"G25";"6863.382"
"2009";"TI";"S10";"33619.157"
"2009";"TI";"G10";"5968.307"
"2009";"TI";"G15";"12613.013"
"2009";"TI";"G20";"201.419"
"2009";"TI";"G25";"7565.961"
"2009";"VD";"S10";"56041.173"
"2009";"VD";"G10";"19767.953"
"2009";"VD";"G15";"24251.728"
"2009";"VD";"G20";"1332.845"
"2009";"VD";"G25";"5769.126"
"2009";"VS";"S10";"24755.865"
"2009";"VS";"G10";"6292.599"
"2009";"VS";"G15";"9386.346"
"2009";"VS";"G20";"227.347"
"2009";"VS";"G25";"7448.991"
"2009";"NE";"S10";"10852.489"
"2009";"NE";"G10";"4772.519"
"2009";"NE";"G15";"3905.207"
"2009";"NE";"G20";"84.926"
"2009";"NE";"G25";"1172.421"
"2009";"GE";"S10";"35090.994"
"2009";"GE";"G10";"7180.707"
"2009";"GE";"G15";"19970.594"
"2009";"GE";"G20";"265.737"
"2009";"GE";"G25";"2419.462"
"2009";"JU";"S10";"5550.39"
"2009";"JU";"G10";"1395.569"
"2009";"JU";"G15";"1489.585"
"2009";"JU";"G20";"755.517"
"2009";"JU";"G25";"1762.296"
"2010";"CHE1";"S10";"756924.412"
"2010";"CHE1";"G10";"260118.764"
"2010";"CHE1";"G15";"234008.886"
"2010";"CHE1";"G20";"77487.308"
"2010";"CHE1";"G25";"119595.074"
"2010";"ZH";"S10";"146722.028"
"2010";"ZH";"G10";"61190.703"
"2010";"ZH";"G15";"54134.873"
"2010";"ZH";"G20";"9794.321"
"2010";"ZH";"G25";"8063.431"
"2010";"BE";"S10";"82568.736"
"2010";"BE";"G10";"15579.54"
"2010";"BE";"G15";"28013.512"
"2010";"BE";"G20";"20614.79"
"2010";"BE";"G25";"11311.043"
"2010";"LU";"S10";"35148.827"
"2010";"LU";"G10";"15330.491"
"2010";"LU";"G15";"7219.605"
"2010";"LU";"G20";"4730.68"
"2010";"LU";"G25";"6451.351"
"2010";"UR";"S10";"3073.4"
"2010";"UR";"G10";"1677.71"
"2010";"UR";"G15";"501.436"
"2010";"UR";"G20";"20.413"
"2010";"UR";"G25";"846.315"
"2010";"SZ";"S10";"17769.248"
"2010";"SZ";"G10";"9650.063"
"2010";"SZ";"G15";"3366.649"
"2010";"SZ";"G20";"1208.603"
"2010";"SZ";"G25";"2251.446"
"2010";"OW";"S10";"3671.505"
"2010";"OW";"G10";"2352.729"
"2010";"OW";"G15";"450.339"
"2010";"OW";"G20";"139.065"
"2010";"OW";"G25";"680.771"
"2010";"NW";"S10";"4252.165"
"2010";"NW";"G10";"2288.752"
"2010";"NW";"G15";"776.604"
"2010";"NW";"G20";"51.41"
"2010";"NW";"G25";"1009.129"
"2010";"GL";"S10";"3372.509"
"2010";"GL";"G10";"1860.492"
"2010";"GL";"G15";"538.752"
"2010";"GL";"G20";"347.1"
"2010";"GL";"G25";"385.62"
"2010";"ZG";"S10";"15292.019"
"2010";"ZG";"G10";"8232.471"
"2010";"ZG";"G15";"3586.033"
"2010";"ZG";"G20";"247.482"
"2010";"ZG";"G25";"2540.233"
"2010";"FR";"S10";"23807.58"
"2010";"FR";"G10";"8447.339"
"2010";"FR";"G15";"6549.38"
"2010";"FR";"G20";"1469.25"
"2010";"FR";"G25";"5966.363"
"2010";"SO";"S10";"26230.462"
"2010";"SO";"G10";"3788.595"
"2010";"SO";"G15";"6340.756"
"2010";"SO";"G20";"6908.407"
"2010";"SO";"G25";"7225.611"
"2010";"BS";"S10";"14820.033"
"2010";"BS";"G10";"6533.367"
"2010";"BS";"G15";"4729.121"
"2010";"BS";"G20";"261.599"
"2010";"BS";"G25";"740.572"
"2010";"BL";"S10";"29270.146"
"2010";"BL";"G10";"13639.497"
"2010";"BL";"G15";"8102.299"
"2010";"BL";"G20";"1036.761"
"2010";"BL";"G25";"3012.37"
"2010";"SH";"S10";"7343.136"
"2010";"SH";"G10";"3056.499"
"2010";"SH";"G15";"1748.975"
"2010";"SH";"G20";"1522.223"
"2010";"SH";"G25";"491.533"
"2010";"AR";"S10";"4718.054"
"2010";"AR";"G10";"1342.891"
"2010";"AR";"G15";"1571.84"
"2010";"AR";"G20";"324.268"
"2010";"AR";"G25";"1299.61"
"2010";"AI";"S10";"1397.904"
"2010";"AI";"G10";"1029.556"
"2010";"AI";"G15";"122.769"
"2010";"AI";"G20";"27.377"
"2010";"AI";"G25";"208.028"
"2010";"SG";"S10";"43907.079"
"2010";"SG";"G10";"15115.395"
"2010";"SG";"G15";"7555.781"
"2010";"SG";"G20";"4555.78"
"2010";"SG";"G25";"13374.266"
"2010";"GR";"S10";"24855.703"
"2010";"GR";"G10";"11525.652"
"2010";"GR";"G15";"7394.11"
"2010";"GR";"G20";"326.462"
"2010";"GR";"G25";"3964"
"2010";"AG";"S10";"66412.103"
"2010";"AG";"G10";"16144.544"
"2010";"AG";"G15";"12950.686"
"2010";"AG";"G20";"20011.783"
"2010";"AG";"G25";"13583.69"
"2010";"TG";"S10";"26371.354"
"2010";"TG";"G10";"12597.764"
"2010";"TG";"G15";"4769.798"
"2010";"TG";"G20";"561.908"
"2010";"TG";"G25";"7382.949"
"2010";"TI";"S10";"35456.347"
"2010";"TI";"G10";"6255.52"
"2010";"TI";"G15";"12658.71"
"2010";"TI";"G20";"229.576"
"2010";"TI";"G25";"8280.627"
"2010";"VD";"S10";"59559.451"
"2010";"VD";"G10";"21458.371"
"2010";"VD";"G15";"24929.906"
"2010";"VD";"G20";"1552.615"
"2010";"VD";"G25";"6455.924"
"2010";"VS";"S10";"26324.177"
"2010";"VS";"G10";"6900.494"
"2010";"VS";"G15";"9714.539"
"2010";"VS";"G20";"238.875"
"2010";"VS";"G25";"8219.928"
"2010";"NE";"S10";"11525.274"
"2010";"NE";"G10";"5156.094"
"2010";"NE";"G15";"3935.192"
"2010";"NE";"G20";"211.415"
"2010";"NE";"G25";"1303.26"
"2010";"GE";"S10";"37280.973"
"2010";"GE";"G10";"7489.445"
"2010";"GE";"G15";"20876.913"
"2010";"GE";"G20";"307.821"
"2010";"GE";"G25";"2656.484"
"2010";"JU";"S10";"5774.199"
"2010";"JU";"G10";"1474.79"
"2010";"JU";"G15";"1470.308"
"2010";"JU";"G20";"787.324"
"2010";"JU";"G25";"1890.52"
"2011";"CHE1";"S10";"796673.56"
"2011";"CHE1";"G10";"275730.061"
"2011";"CHE1";"G15";"240575.004"
"2011";"CHE1";"G20";"80463.69"
"2011";"CHE1";"G25";"128526.759"
"2011";"ZH";"S10";"153136.106"
"2011";"ZH";"G10";"66063.249"
"2011";"ZH";"G15";"53737.414"
"2011";"ZH";"G20";"9757.329"
"2011";"ZH";"G25";"9155.628"
"2011";"BE";"S10";"86178.974"
"2011";"BE";"G10";"16366.786"
"2011";"BE";"G15";"29034.303"
"2011";"BE";"G20";"21150.486"
"2011";"BE";"G25";"12133.66"
"2011";"LU";"S10";"36966.035"
"2011";"LU";"G10";"16156.864"
"2011";"LU";"G15";"7571.519"
"2011";"LU";"G20";"4772.359"
"2011";"LU";"G25";"6927.013"
"2011";"UR";"S10";"3174.765"
"2011";"UR";"G10";"1737.249"
"2011";"UR";"G15";"495.54"
"2011";"UR";"G20";"20.82"
"2011";"UR";"G25";"890.903"
"2011";"SZ";"S10";"18716.435"
"2011";"SZ";"G10";"10152.589"
"2011";"SZ";"G15";"3501.863"
"2011";"SZ";"G20";"1245.712"
"2011";"SZ";"G25";"2406.202"
"2011";"OW";"S10";"3749.953"
"2011";"OW";"G10";"2424.306"
"2011";"OW";"G15";"444.626"
"2011";"OW";"G20";"139.972"
"2011";"OW";"G25";"690.778"
"2011";"NW";"S10";"4341.224"
"2011";"NW";"G10";"2359.018"
"2011";"NW";"G15";"758.551"
"2011";"NW";"G20";"56.022"
"2011";"NW";"G25";"1044.082"
"2011";"GL";"S10";"3545.494"
"2011";"GL";"G10";"1952.828"
"2011";"GL";"G15";"528.095"
"2011";"GL";"G20";"366.711"
"2011";"GL";"G25";"426.324"
"2011";"ZG";"S10";"16187.363"
"2011";"ZG";"G10";"8697.622"
"2011";"ZG";"G15";"3752.904"
"2011";"ZG";"G20";"279.866"
"2011";"ZG";"G25";"2705.708"
"2011";"FR";"S10";"25452.09"
"2011";"FR";"G10";"9107.579"
"2011";"FR";"G15";"6791.047"
"2011";"FR";"G20";"1607.915"
"2011";"FR";"G25";"6447.47"
"2011";"SO";"S10";"26926.049"
"2011";"SO";"G10";"3610.447"
"2011";"SO";"G15";"6544.602"
"2011";"SO";"G20";"7080.572"
"2011";"SO";"G25";"7562.995"
"2011";"BS";"S10";"15636.449"
"2011";"BS";"G10";"6704.968"
"2011";"BS";"G15";"4851.975"
"2011";"BS";"G20";"378.034"
"2011";"BS";"G25";"807.992"
"2011";"BL";"S10";"31098.345"
"2011";"BL";"G10";"14426.282"
"2011";"BL";"G15";"8602.654"
"2011";"BL";"G20";"1127.941"
"2011";"BL";"G25";"3283.97"
"2011";"SH";"S10";"7612.326"
"2011";"SH";"G10";"3126.88"
"2011";"SH";"G15";"1761.104"
"2011";"SH";"G20";"1608.222"
"2011";"SH";"G25";"559.772"
"2011";"AR";"S10";"4852.852"
"2011";"AR";"G10";"1406.189"
"2011";"AR";"G15";"1566.791"
"2011";"AR";"G20";"282.476"
"2011";"AR";"G25";"1416.515"
"2011";"AI";"S10";"1543.459"
"2011";"AI";"G10";"1083.123"
"2011";"AI";"G15";"124.025"
"2011";"AI";"G20";"99.005"
"2011";"AI";"G25";"219.114"
"2011";"SG";"S10";"45803.92"
"2011";"SG";"G10";"15724.064"
"2011";"SG";"G15";"7641.465"
"2011";"SG";"G20";"4779.628"
"2011";"SG";"G25";"14100.29"
"2011";"GR";"S10";"26448.49"
"2011";"GR";"G10";"12218.486"
"2011";"GR";"G15";"7773.011"
"2011";"GR";"G20";"294.617"
"2011";"GR";"G25";"4166.711"
"2011";"AG";"S10";"69892.865"
"2011";"AG";"G10";"16732.127"
"2011";"AG";"G15";"13577.125"
"2011";"AG";"G20";"21204.188"
"2011";"AG";"G25";"14348.999"
"2011";"TG";"S10";"27619.87"
"2011";"TG";"G10";"13011.924"
"2011";"TG";"G15";"4898.911"
"2011";"TG";"G20";"577.932"
"2011";"TG";"G25";"7948.451"
"2011";"TI";"S10";"37539.516"
"2011";"TI";"G10";"6467.822"
"2011";"TI";"G15";"12983.003"
"2011";"TI";"G20";"232.249"
"2011";"TI";"G25";"9009.26"
"2011";"VD";"S10";"63474.921"
"2011";"VD";"G10";"23253.962"
"2011";"VD";"G15";"25881.348"
"2011";"VD";"G20";"1721.05"
"2011";"VD";"G25";"7047.997"
"2011";"VS";"S10";"28332.245"
"2011";"VS";"G10";"7587.556"
"2011";"VS";"G15";"9754.975"
"2011";"VS";"G20";"263.86"
"2011";"VS";"G25";"8956.877"
"2011";"NE";"S10";"12086.734"
"2011";"NE";"G10";"5534.082"
"2011";"NE";"G15";"3975.105"
"2011";"NE";"G20";"169.538"
"2011";"NE";"G25";"1405.005"
"2011";"GE";"S10";"40304.636"
"2011";"GE";"G10";"8254.088"
"2011";"GE";"G15";"22533.008"
"2011";"GE";"G20";"466.635"
"2011";"GE";"G25";"2831.665"
"2011";"JU";"S10";"6052.444"
"2011";"JU";"G10";"1569.971"
"2011";"JU";"G15";"1490.04"
"2011";"JU";"G20";"780.551"
"2011";"JU";"G25";"2033.378"
"2012";"CHE1";"S10";"833688.421"
"2012";"CHE1";"G10";"289822.479"
"2012";"CHE1";"G15";"252146.139"
"2012";"CHE1";"G20";"83307.479"
"2012";"CHE1";"G25";"135599.087"
"2012";"ZH";"S10";"160207.204"
"2012";"ZH";"G10";"67684.35"
"2012";"ZH";"G15";"59184.051"
"2012";"ZH";"G20";"10261.682"
"2012";"ZH";"G25";"9794.124"
"2012";"BE";"S10";"89899.949"
"2012";"BE";"G10";"17632.659"
"2012";"BE";"G15";"29755.223"
"2012";"BE";"G20";"21912.192"
"2012";"BE";"G25";"12760.586"
"2012";"LU";"S10";"38556.433"
"2012";"LU";"G10";"17012.498"
"2012";"LU";"G15";"7882.673"
"2012";"LU";"G20";"4813.449"
"2012";"LU";"G25";"7314.373"
"2012";"UR";"S10";"3324.982"
"2012";"UR";"G10";"1828.481"
"2012";"UR";"G15";"497.758"
"2012";"UR";"G20";"22.437"
"2012";"UR";"G25";"940.967"
"2012";"SZ";"S10";"19394.51"
"2012";"SZ";"G10";"10467.831"
"2012";"SZ";"G15";"3695.877"
"2012";"SZ";"G20";"1279.873"
"2012";"SZ";"G25";"2507.215"
"2012";"OW";"S10";"3905.271"
"2012";"OW";"G10";"2537.207"
"2012";"OW";"G15";"452.764"
"2012";"OW";"G20";"144.161"
"2012";"OW";"G25";"721.216"
"2012";"NW";"S10";"4432.381"
"2012";"NW";"G10";"2405.144"
"2012";"NW";"G15";"763.217"
"2012";"NW";"G20";"61.277"
"2012";"NW";"G25";"1071.046"
"2012";"GL";"S10";"3682.787"
"2012";"GL";"G10";"2040.888"
"2012";"GL";"G15";"527.276"
"2012";"GL";"G20";"383.42"
"2012";"GL";"G25";"456.183"
"2012";"ZG";"S10";"16413.655"
"2012";"ZG";"G10";"8595.173"
"2012";"ZG";"G15";"4020.684"
"2012";"ZG";"G20";"280.639"
"2012";"ZG";"G25";"2816.771"
"2012";"FR";"S10";"26904.676"
"2012";"FR";"G10";"9881.753"
"2012";"FR";"G15";"6895.143"
"2012";"FR";"G20";"1677.663"
"2012";"FR";"G25";"6908.729"
"2012";"SO";"S10";"27711.902"
"2012";"SO";"G10";"3834.435"
"2012";"SO";"G15";"6592.755"
"2012";"SO";"G20";"7224.332"
"2012";"SO";"G25";"7856.787"
"2012";"BS";"S10";"15720.326"
"2012";"BS";"G10";"6539.582"
"2012";"BS";"G15";"4936.988"
"2012";"BS";"G20";"403.813"
"2012";"BS";"G25";"897.234"
"2012";"BL";"S10";"32256.79"
"2012";"BL";"G10";"14924.344"
"2012";"BL";"G15";"8792.423"
"2012";"BL";"G20";"1173.407"
"2012";"BL";"G25";"3478.248"
"2012";"SH";"S10";"7848.675"
"2012";"SH";"G10";"3283.286"
"2012";"SH";"G15";"1755.695"
"2012";"SH";"G20";"1626.776"
"2012";"SH";"G25";"613.248"
"2012";"AR";"S10";"5152.621"
"2012";"AR";"G10";"1499.499"
"2012";"AR";"G15";"1527.563"
"2012";"AR";"G20";"379.077"
"2012";"AR";"G25";"1541.926"
"2012";"AI";"S10";"1525.471"
"2012";"AI";"G10";"1123.309"
"2012";"AI";"G15";"122.1"
"2012";"AI";"G20";"29.458"
"2012";"AI";"G25";"228.193"
"2012";"SG";"S10";"48121.867"
"2012";"SG";"G10";"17091.261"
"2012";"SG";"G15";"7658.048"
"2012";"SG";"G20";"4988.205"
"2012";"SG";"G25";"14744.74"
"2012";"GR";"S10";"28266.238"
"2012";"GR";"G10";"13435.807"
"2012";"GR";"G15";"8092.342"
"2012";"GR";"G20";"331.304"
"2012";"GR";"G25";"4377.714"
"2012";"AG";"S10";"72954.32"
"2012";"AG";"G10";"18045.903"
"2012";"AG";"G15";"13973.901"
"2012";"AG";"G20";"21855.359"
"2012";"AG";"G25";"14909.611"
"2012";"TG";"S10";"29105.146"
"2012";"TG";"G10";"13902.931"
"2012";"TG";"G15";"4882.368"
"2012";"TG";"G20";"657.255"
"2012";"TG";"G25";"8426.453"
"2012";"TI";"S10";"39641.395"
"2012";"TI";"G10";"7038.667"
"2012";"TI";"G15";"13369.066"
"2012";"TI";"G20";"264.438"
"2012";"TI";"G25";"9520.525"
"2012";"VD";"S10";"67341.577"
"2012";"VD";"G10";"24686.544"
"2012";"VD";"G15";"27305.42"
"2012";"VD";"G20";"1836.799"
"2012";"VD";"G25";"7560.424"
"2012";"VS";"S10";"29974.152"
"2012";"VS";"G10";"8119.885"
"2012";"VS";"G15";"10112.03"
"2012";"VS";"G20";"298.953"
"2012";"VS";"G25";"9537.027"
"2012";"NE";"S10";"12803.275"
"2012";"NE";"G10";"5951.36"
"2012";"NE";"G15";"4033.741"
"2012";"NE";"G20";"185.744"
"2012";"NE";"G25";"1493.957"
"2012";"GE";"S10";"42255.038"
"2012";"GE";"G10";"8573.382"
"2012";"GE";"G15";"23759.741"
"2012";"GE";"G20";"480.894"
"2012";"GE";"G25";"2996.792"
"2012";"JU";"S10";"6287.78"
"2012";"JU";"G10";"1686.3"
"2012";"JU";"G15";"1557.292"
"2012";"JU";"G20";"734.872"
"2012";"JU";"G25";"2124.998"
"2013";"CHE1";"S10";"869066.819"
"2013";"CHE1";"G10";"303462.801"
"2013";"CHE1";"G15";"258424.45"
"2013";"CHE1";"G20";"85901.517"
"2013";"CHE1";"G25";"143270.628"
"2013";"ZH";"S10";"166435.048"
"2013";"ZH";"G10";"70904.64"
"2013";"ZH";"G15";"59854.655"
"2013";"ZH";"G20";"10745.398"
"2013";"ZH";"G25";"10626.284"
"2013";"BE";"S10";"93221.792"
"2013";"BE";"G10";"18459.548"
"2013";"BE";"G15";"30256.876"
"2013";"BE";"G20";"22543.138"
"2013";"BE";"G25";"13449.731"
"2013";"LU";"S10";"39998.339"
"2013";"LU";"G10";"17843.171"
"2013";"LU";"G15";"7906.283"
"2013";"LU";"G20";"4851.533"
"2013";"LU";"G25";"7756.079"
"2013";"UR";"S10";"3509.111"
"2013";"UR";"G10";"1896.373"
"2013";"UR";"G15";"512.589"
"2013";"UR";"G20";"25.287"
"2013";"UR";"G25";"996.196"
"2013";"SZ";"S10";"20169.585"
"2013";"SZ";"G10";"10887.346"
"2013";"SZ";"G15";"3824.176"
"2013";"SZ";"G20";"1323.037"
"2013";"SZ";"G25";"2645.14"
"2013";"OW";"S10";"4049.322"
"2013";"OW";"G10";"2610.647"
"2013";"OW";"G15";"461.255"
"2013";"OW";"G20";"167.278"
"2013";"OW";"G25";"756.07"
"2013";"NW";"S10";"4613.438"
"2013";"NW";"G10";"2523.031"
"2013";"NW";"G15";"760.901"
"2013";"NW";"G20";"66.437"
"2013";"NW";"G25";"1115.043"
"2013";"GL";"S10";"3803.523"
"2013";"GL";"G10";"2132.933"
"2013";"GL";"G15";"516.092"
"2013";"GL";"G20";"409.01"
"2013";"GL";"G25";"481.309"
"2013";"ZG";"S10";"17025.732"
"2013";"ZG";"G10";"8835.822"
"2013";"ZG";"G15";"4163.024"
"2013";"ZG";"G20";"288.03"
"2013";"ZG";"G25";"2910.744"
"2013";"FR";"S10";"28342.207"
"2013";"FR";"G10";"10729.193"
"2013";"FR";"G15";"6963.352"
"2013";"FR";"G20";"1753.906"
"2013";"FR";"G25";"7338.075"
"2013";"SO";"S10";"28726.145"
"2013";"SO";"G10";"4043.681"
"2013";"SO";"G15";"6688.123"
"2013";"SO";"G20";"7412.182"
"2013";"SO";"G25";"8174.005"
"2013";"BS";"S10";"16186.387"
"2013";"BS";"G10";"6852.677"
"2013";"BS";"G15";"4943.951"
"2013";"BS";"G20";"395.675"
"2013";"BS";"G25";"1007.17"
"2013";"BL";"S10";"33451.522"
"2013";"BL";"G10";"15563.033"
"2013";"BL";"G15";"9027.729"
"2013";"BL";"G20";"1206.595"
"2013";"BL";"G25";"3651.756"
"2013";"SH";"S10";"8133.112"
"2013";"SH";"G10";"3419.07"
"2013";"SH";"G15";"1715.288"
"2013";"SH";"G20";"1724.54"
"2013";"SH";"G25";"667.749"
"2013";"AR";"S10";"5403.543"
"2013";"AR";"G10";"1623.403"
"2013";"AR";"G15";"1495.267"
"2013";"AR";"G20";"424.244"
"2013";"AR";"G25";"1647.001"
"2013";"AI";"S10";"1590.818"
"2013";"AI";"G10";"1173.345"
"2013";"AI";"G15";"119.684"
"2013";"AI";"G20";"29.675"
"2013";"AI";"G25";"243.744"
"2013";"SG";"S10";"49935.101"
"2013";"SG";"G10";"17789.919"
"2013";"SG";"G15";"7736.857"
"2013";"SG";"G20";"5236.819"
"2013";"SG";"G25";"15347.581"
"2013";"GR";"S10";"29558.394"
"2013";"GR";"G10";"14074.756"
"2013";"GR";"G15";"8407.264"
"2013";"GR";"G20";"376.951"
"2013";"GR";"G25";"4599.767"
"2013";"AG";"S10";"75408.239"
"2013";"AG";"G10";"18911.03"
"2013";"AG";"G15";"14398.922"
"2013";"AG";"G20";"22170.863"
"2013";"AG";"G25";"15483.334"
"2013";"TG";"S10";"30411.164"
"2013";"TG";"G10";"14530.342"
"2013";"TG";"G15";"4914.46"
"2013";"TG";"G20";"733.049"
"2013";"TG";"G25";"8900.834"
"2013";"TI";"S10";"42025.9"
"2013";"TI";"G10";"7615.246"
"2013";"TI";"G15";"13775.764"
"2013";"TI";"G20";"306.17"
"2013";"TI";"G25";"10121.55"
"2013";"VD";"S10";"70502.441"
"2013";"VD";"G10";"25466.542"
"2013";"VD";"G15";"28632.656"
"2013";"VD";"G20";"2007.87"
"2013";"VD";"G25";"8030.41"
"2013";"VS";"S10";"31703.422"
"2013";"VS";"G10";"8501.582"
"2013";"VS";"G15";"10609.659"
"2013";"VS";"G20";"314.789"
"2013";"VS";"G25";"10128.555"
"2013";"NE";"S10";"13440.4"
"2013";"NE";"G10";"6334.981"
"2013";"NE";"G15";"4112.198"
"2013";"NE";"G20";"209.174"
"2013";"NE";"G25";"1568.472"
"2013";"GE";"S10";"44896.933"
"2013";"GE";"G10";"8930.014"
"2013";"GE";"G15";"25033.346"
"2013";"GE";"G20";"479.931"
"2013";"GE";"G25";"3396.728"
"2013";"JU";"S10";"6525.201"
"2013";"JU";"G10";"1810.476"
"2013";"JU";"G15";"1594.079"
"2013";"JU";"G20";"699.936"
"2013";"JU";"G25";"2227.301"
"2014";"CHE1";"S10";"900141.072"
"2014";"CHE1";"G10";"315442.26"
"2014";"CHE1";"G15";"264100.873"
"2014";"CHE1";"G20";"88613.704"
"2014";"CHE1";"G25";"150458.806"
"2014";"ZH";"S10";"172716.703"
"2014";"ZH";"G10";"73580.695"
"2014";"ZH";"G15";"61718.273"
"2014";"ZH";"G20";"11268.322"
"2014";"ZH";"G25";"11478.309"
"2014";"BE";"S10";"95795.576"
"2014";"BE";"G10";"19089.036"
"2014";"BE";"G15";"30564.02"
"2014";"BE";"G20";"23039.774"
"2014";"BE";"G25";"14105.989"
"2014";"LU";"S10";"41500.994"
"2014";"LU";"G10";"18788.102"
"2014";"LU";"G15";"7890.571"
"2014";"LU";"G20";"4960.294"
"2014";"LU";"G25";"8187.323"
"2014";"UR";"S10";"3619.454"
"2014";"UR";"G10";"1943.33"
"2014";"UR";"G15";"527.172"
"2014";"UR";"G20";"26.201"
"2014";"UR";"G25";"1042.534"
"2014";"SZ";"S10";"20993.847"
"2014";"SZ";"G10";"11357.958"
"2014";"SZ";"G15";"3942.871"
"2014";"SZ";"G20";"1357.328"
"2014";"SZ";"G25";"2780.794"
"2014";"OW";"S10";"4154.573"
"2014";"OW";"G10";"2667.121"
"2014";"OW";"G15";"468.128"
"2014";"OW";"G20";"169.678"
"2014";"OW";"G25";"793.153"
"2014";"NW";"S10";"4736.425"
"2014";"NW";"G10";"2632.743"
"2014";"NW";"G15";"759.649"
"2014";"NW";"G20";"68.817"
"2014";"NW";"G25";"1158.222"
"2014";"GL";"S10";"3928.473"
"2014";"GL";"G10";"2201.278"
"2014";"GL";"G15";"513.415"
"2014";"GL";"G20";"439.133"
"2014";"GL";"G25";"502.742"
"2014";"ZG";"S10";"17931.343"
"2014";"ZG";"G10";"9292.077"
"2014";"ZG";"G15";"4507.543"
"2014";"ZG";"G20";"299.734"
"2014";"ZG";"G25";"3018.019"
"2014";"FR";"S10";"29621.595"
"2014";"FR";"G10";"11265.51"
"2014";"FR";"G15";"7150.131"
"2014";"FR";"G20";"1806.054"
"2014";"FR";"G25";"7747.354"
"2014";"SO";"S10";"29590.381"
"2014";"SO";"G10";"4308.317"
"2014";"SO";"G15";"6753.435"
"2014";"SO";"G20";"7594.894"
"2014";"SO";"G25";"8412.332"
"2014";"BS";"S10";"16305.554"
"2014";"BS";"G10";"6804.662"
"2014";"BS";"G15";"4996.89"
"2014";"BS";"G20";"401.027"
"2014";"BS";"G25";"1056.598"
"2014";"BL";"S10";"34360.333"
"2014";"BL";"G10";"15989.733"
"2014";"BL";"G15";"9185.599"
"2014";"BL";"G20";"1217.869"
"2014";"BL";"G25";"3817.482"
"2014";"SH";"S10";"8358.015"
"2014";"SH";"G10";"3509.554"
"2014";"SH";"G15";"1695.689"
"2014";"SH";"G20";"1760.713"
"2014";"SH";"G25";"743.952"
"2014";"AR";"S10";"5621.127"
"2014";"AR";"G10";"1734.666"
"2014";"AR";"G15";"1470.534"
"2014";"AR";"G20";"427.092"
"2014";"AR";"G25";"1761.566"
"2014";"AI";"S10";"1641.837"
"2014";"AI";"G10";"1208.013"
"2014";"AI";"G15";"122.812"
"2014";"AI";"G20";"31.823"
"2014";"AI";"G25";"258.946"
"2014";"SG";"S10";"51412.616"
"2014";"SG";"G10";"18371.864"
"2014";"SG";"G15";"7768.742"
"2014";"SG";"G20";"5506.186"
"2014";"SG";"G25";"15856.475"
"2014";"GR";"S10";"30590.945"
"2014";"GR";"G10";"14574.671"
"2014";"GR";"G15";"8540.454"
"2014";"GR";"G20";"407.979"
"2014";"GR";"G25";"4839.828"
"2014";"AG";"S10";"77850.986"
"2014";"AG";"G10";"19789.238"
"2014";"AG";"G15";"14707.023"
"2014";"AG";"G20";"22817.955"
"2014";"AG";"G25";"15984.87"
"2014";"TG";"S10";"31507.478"
"2014";"TG";"G10";"15016.452"
"2014";"TG";"G15";"4898.423"
"2014";"TG";"G20";"778.281"
"2014";"TG";"G25";"9386.425"
"2014";"TI";"S10";"44162.014"
"2014";"TI";"G10";"8391.655"
"2014";"TI";"G15";"14111.489"
"2014";"TI";"G20";"328.433"
"2014";"TI";"G25";"10567.75"
"2014";"VD";"S10";"73276.488"
"2014";"VD";"G10";"26300.921"
"2014";"VD";"G15";"29309.515"
"2014";"VD";"G20";"2185.848"
"2014";"VD";"G25";"8545.052"
"2014";"VS";"S10";"33172.626"
"2014";"VS";"G10";"8849.479"
"2014";"VS";"G15";"10976.987"
"2014";"VS";"G20";"333.886"
"2014";"VS";"G25";"10732.99"
"2014";"NE";"S10";"14014.598"
"2014";"NE";"G10";"6550.271"
"2014";"NE";"G15";"4197.744"
"2014";"NE";"G20";"240.896"
"2014";"NE";"G25";"1685.485"
"2014";"GE";"S10";"46566.78"
"2014";"GE";"G10";"9316.463"
"2014";"GE";"G15";"25721.665"
"2014";"GE";"G20";"467.788"
"2014";"GE";"G25";"3660.85"
"2014";"JU";"S10";"6710.311"
"2014";"JU";"G10";"1908.451"
"2014";"JU";"G15";"1602.099"
"2014";"JU";"G20";"677.699"
"2014";"JU";"G25";"2333.766"
"2015";"CHE1";"S10";"923939.99977853"
"2015";"CHE1";"G10";"328856.30080562"
"2015";"CHE1";"G15";"261283.66328949"
"2015";"CHE1";"G20";"90767.40532244"
"2015";"CHE1";"G25";"158120.36822061"
"2015";"ZH";"S10";"174818.52961732"
"2015";"ZH";"G10";"76810.37738475"
"2015";"ZH";"G15";"58881.47848756"
"2015";"ZH";"G20";"11796.35626534"
"2015";"ZH";"G25";"12311.32595323"
"2015";"BE";"S10";"98371.0017218"
"2015";"BE";"G10";"19769.82194983"
"2015";"BE";"G15";"30665.56589377"
"2015";"BE";"G20";"23752.59456974"
"2015";"BE";"G25";"14852.26061322"
"2015";"LU";"S10";"43214.30477973"
"2015";"LU";"G10";"20085.26946152"
"2015";"LU";"G15";"7670.15852961"
"2015";"LU";"G20";"5073.73187466"
"2015";"LU";"G25";"8663.66762683"
"2015";"UR";"S10";"3767.74263404"
"2015";"UR";"G10";"2010.27598798"
"2015";"UR";"G15";"549.72129712"
"2015";"UR";"G20";"28.07166506"
"2015";"UR";"G25";"1096.40401466"
"2015";"SZ";"S10";"21686.92081113"
"2015";"SZ";"G10";"11984.82861701"
"2015";"SZ";"G15";"3860.22116851"
"2015";"SZ";"G20";"1358.19378913"
"2015";"SZ";"G25";"2890.33604023"
"2015";"OW";"S10";"4291.38972564"
"2015";"OW";"G10";"2769.44749787"
"2015";"OW";"G15";"460.95177416"
"2015";"OW";"G20";"168.80982575"
"2015";"OW";"G25";"836.50945941"
"2015";"NW";"S10";"4895.20149301"
"2015";"NW";"G10";"2792.82022596"
"2015";"NW";"G15";"719.32313645"
"2015";"NW";"G20";"69.90551085"
"2015";"NW";"G25";"1191.2501746"
"2015";"GL";"S10";"4047.01797244"
"2015";"GL";"G10";"2291.09382725"
"2015";"GL";"G15";"508.06935064"
"2015";"GL";"G20";"451.86623554"
"2015";"GL";"G25";"524.30579655"
"2015";"ZG";"S10";"18300.71823545"
"2015";"ZG";"G10";"9521.98002139"
"2015";"ZG";"G15";"4449.49479517"
"2015";"ZG";"G20";"308.59647825"
"2015";"ZG";"G25";"3139.6038484"
"2015";"FR";"S10";"30782.22496597"
"2015";"FR";"G10";"11877.61537636"
"2015";"FR";"G15";"7159.30911394"
"2015";"FR";"G20";"1857.30134472"
"2015";"FR";"G25";"8141.01097908"
"2015";"SO";"S10";"30296.45199336"
"2015";"SO";"G10";"4505.01543686"
"2015";"SO";"G15";"6788.86515958"
"2015";"SO";"G20";"7675.68252349"
"2015";"SO";"G25";"8714.55863519"
"2015";"BS";"S10";"16455.2502207"
"2015";"BS";"G10";"6871.54495683"
"2015";"BS";"G15";"4967.89059003"
"2015";"BS";"G20";"434.52530666"
"2015";"BS";"G25";"1174.02546615"
"2015";"BL";"S10";"35050.65530411"
"2015";"BL";"G10";"16291.70142402"
"2015";"BL";"G15";"9221.35262656"
"2015";"BL";"G20";"1296.37256615"
"2015";"BL";"G25";"3988.32674771"
"2015";"SH";"S10";"8493.0824456"
"2015";"SH";"G10";"3572.17240041"
"2015";"SH";"G15";"1637.91220803"
"2015";"SH";"G20";"1778.38366718"
"2015";"SH";"G25";"826.86204853"
"2015";"AR";"S10";"5845.81206299"
"2015";"AR";"G10";"1893.61340627"
"2015";"AR";"G15";"1409.26664765"
"2015";"AR";"G20";"424.11776118"
"2015";"AR";"G25";"1879.10406566"
"2015";"AI";"S10";"1688.38949229"
"2015";"AI";"G10";"1248.46606545"
"2015";"AI";"G15";"126.19332892"
"2015";"AI";"G20";"27.90463134"
"2015";"AI";"G25";"269.8121751"
"2015";"SG";"S10";"52765.26335063"
"2015";"SG";"G10";"19312.31548548"
"2015";"SG";"G15";"7612.30739823"
"2015";"SG";"G20";"5413.01521243"
"2015";"SG";"G25";"16443.75094555"
"2015";"GR";"S10";"31546.62463476"
"2015";"GR";"G10";"15146.31839334"
"2015";"GR";"G15";"8583.14823216"
"2015";"GR";"G20";"423.04567283"
"2015";"GR";"G25";"5063.21130414"
"2015";"AG";"S10";"79846.18174731"
"2015";"AG";"G10";"20825.26292016"
"2015";"AG";"G15";"14454.82408203"
"2015";"AG";"G20";"23249.89177496"
"2015";"AG";"G25";"16612.25586579"
"2015";"TG";"S10";"32744.16593234"
"2015";"TG";"G10";"15767.79349518"
"2015";"TG";"G15";"4793.59131768"
"2015";"TG";"G20";"761.13725609"
"2015";"TG";"G25";"9939.21857332"
"2015";"TI";"S10";"45828.71933062"
"2015";"TI";"G10";"8835.17191801"
"2015";"TI";"G15";"14289.89814632"
"2015";"TI";"G20";"346.46032982"
"2015";"TI";"G25";"11065.1954868"
"2015";"VD";"S10";"75596.97010489"
"2015";"VD";"G10";"27052.47500861"
"2015";"VD";"G15";"29542.75746298"
"2015";"VD";"G20";"2338.9168477"
"2015";"VD";"G25";"9143.53713541"
"2015";"VS";"S10";"34504.50792844"
"2015";"VS";"G10";"9267.35285617"
"2015";"VS";"G15";"11148.69159751"
"2015";"VS";"G20";"359.03008822"
"2015";"VS";"G25";"11353.77372987"
"2015";"NE";"S10";"14475.52658719"
"2015";"NE";"G10";"6809.76412775"
"2015";"NE";"G15";"4227.01428741"
"2015";"NE";"G20";"246.13951477"
"2015";"NE";"G25";"1774.18994465"
"2015";"GE";"S10";"47708.87712285"
"2015";"GE";"G10";"9551.03869259"
"2015";"GE";"G15";"25930.82982849"
"2015";"GE";"G20";"462.39530314"
"2015";"GE";"G25";"3785.85066628"
"2015";"JU";"S10";"6918.4695639"
"2015";"JU";"G10";"1992.76386857"
"2015";"JU";"G15";"1624.82682897"
"2015";"JU";"G20";"664.95930742"
"2015";"JU";"G25";"2440.02092425"
"2016";"CHE1";"S10";"948496.25194284"
"2016";"CHE1";"G10";"342947.54319131"
"2016";"CHE1";"G15";"260550.1983944"
"2016";"CHE1";"G20";"92486.94136025"
"2016";"CHE1";"G25";"164886.69170518"
"2016";"ZH";"S10";"179914.26112322"
"2016";"ZH";"G10";"80577.20856226"
"2016";"ZH";"G15";"59156.32104829"
"2016";"ZH";"G20";"12117.28001429"
"2016";"ZH";"G25";"12988.90931542"
"2016";"BE";"S10";"100572.63196243"
"2016";"BE";"G10";"20438.83817764"
"2016";"BE";"G15";"30652.34797618"
"2016";"BE";"G20";"24239.05196478"
"2016";"BE";"G25";"15518.38587241"
"2016";"LU";"S10";"44454.27324137"
"2016";"LU";"G10";"21105.63410809"
"2016";"LU";"G15";"7478.65514222"
"2016";"LU";"G20";"5111.17998983"
"2016";"LU";"G25";"9011.89691031"
"2016";"UR";"S10";"3970.26986263"
"2016";"UR";"G10";"2115.27011284"
"2016";"UR";"G15";"574.50794315"
"2016";"UR";"G20";"29.65522739"
"2016";"UR";"G25";"1146.51176329"
"2016";"SZ";"S10";"22400.64551027"
"2016";"SZ";"G10";"12389.32075655"
"2016";"SZ";"G15";"3887.10858938"
"2016";"SZ";"G20";"1382.80110216"
"2016";"SZ";"G25";"2998.09516881"
"2016";"OW";"S10";"4393.69011251"
"2016";"OW";"G10";"2837.72228601"
"2016";"OW";"G15";"460.45544493"
"2016";"OW";"G20";"169.03895226"
"2016";"OW";"G25";"866.12813986"
"2016";"NW";"S10";"4992.77594787"
"2016";"NW";"G10";"2810.87406948"
"2016";"NW";"G15";"735.5055291"
"2016";"NW";"G20";"72.41876901"
"2016";"NW";"G25";"1227.36043564"
"2016";"GL";"S10";"4204.99558591"
"2016";"GL";"G10";"2400.64108925"
"2016";"GL";"G15";"490.07404023"
"2016";"GL";"G20";"478.6671518"
"2016";"GL";"G25";"546.13025075"
"2016";"ZG";"S10";"18151.07768221"
"2016";"ZG";"G10";"9438.77903392"
"2016";"ZG";"G15";"4326.48382556"
"2016";"ZG";"G20";"301.42489465"
"2016";"ZG";"G25";"3222.26587785"
"2016";"FR";"S10";"32097.43611028"
"2016";"FR";"G10";"12575.03110751"
"2016";"FR";"G15";"7122.23358659"
"2016";"FR";"G20";"1897.48039123"
"2016";"FR";"G25";"8479.00856151"
"2016";"SO";"S10";"30892.54146473"
"2016";"SO";"G10";"4740.11984743"
"2016";"SO";"G15";"6720.44348832"
"2016";"SO";"G20";"7808.06693101"
"2016";"SO";"G25";"8968.57786913"
"2016";"BS";"S10";"16886.59134175"
"2016";"BS";"G10";"7347.01195437"
"2016";"BS";"G15";"4789.67915223"
"2016";"BS";"G20";"408.00532274"
"2016";"BS";"G25";"1260.07020525"
"2016";"BL";"S10";"35760.47235931"
"2016";"BL";"G10";"16698.54853243"
"2016";"BL";"G15";"9209.90087173"
"2016";"BL";"G20";"1319.44396444"
"2016";"BL";"G25";"4124.13925556"
"2016";"SH";"S10";"8808.63723296"
"2016";"SH";"G10";"3762.39125476"
"2016";"SH";"G15";"1637.41307272"
"2016";"SH";"G20";"1800.23364649"
"2016";"SH";"G25";"869.93639223"
"2016";"AR";"S10";"6032.24504766"
"2016";"AR";"G10";"2004.27719205"
"2016";"AR";"G15";"1384.4776773"
"2016";"AR";"G20";"448.79286538"
"2016";"AR";"G25";"1958.92691391"
"2016";"AI";"S10";"1761.86158896"
"2016";"AI";"G10";"1302.4789926"
"2016";"AI";"G15";"129.39980648"
"2016";"AI";"G20";"28.419"
"2016";"AI";"G25";"286.59049825"
"2016";"SG";"S10";"54158.84488864"
"2016";"SG";"G10";"20168.93149973"
"2016";"SG";"G15";"7328.77023821"
"2016";"SG";"G20";"5576.27527353"
"2016";"SG";"G25";"17005.30702271"
"2016";"GR";"S10";"32109.60054863"
"2016";"GR";"G10";"15449.34552709"
"2016";"GR";"G15";"8494.45771383"
"2016";"GR";"G20";"448.30155411"
"2016";"GR";"G25";"5294.52994568"
"2016";"AG";"S10";"81992.91954748"
"2016";"AG";"G10";"22164.735416"
"2016";"AG";"G15";"14259.06352727"
"2016";"AG";"G20";"23451.8706576"
"2016";"AG";"G25";"17246.86488792"
"2016";"TG";"S10";"33771.85588491"
"2016";"TG";"G10";"16370.60453948"
"2016";"TG";"G15";"4736.99890605"
"2016";"TG";"G20";"806.96407335"
"2016";"TG";"G25";"10345.6877339"
"2016";"TI";"S10";"46428.87482218"
"2016";"TI";"G10";"9437.12110461"
"2016";"TI";"G15";"14361.43099887"
"2016";"TI";"G20";"360.82239136"
"2016";"TI";"G25";"11734.05841407"
"2016";"VD";"S10";"78601.99891192"
"2016";"VD";"G10";"27816.12901406"
"2016";"VD";"G15";"29555.42324086"
"2016";"VD";"G20";"2444.78024179"
"2016";"VD";"G25";"9594.91492488"
"2016";"VS";"S10";"35891.74139219"
"2016";"VS";"G10";"9741.4321685"
"2016";"VS";"G15";"11342.49733047"
"2016";"VS";"G20";"384.64975503"
"2016";"VS";"G25";"11883.41530676"
"2016";"NE";"S10";"15065.46631297"
"2016";"NE";"G10";"7060.99447045"
"2016";"NE";"G15";"4306.05710689"
"2016";"NE";"G20";"261.11162976"
"2016";"NE";"G25";"1869.00530391"
"2016";"GE";"S10";"48027.56266458"
"2016";"GE";"G10";"10131.15527088"
"2016";"GE";"G15";"25751.39524295"
"2016";"GE";"G20";"475.28181114"
"2016";"GE";"G25";"3892.90441912"
"2016";"JU";"S10";"7152.98079526"
"2016";"JU";"G10";"2062.94710332"
"2016";"JU";"G15";"1659.09689459"
"2016";"JU";"G20";"664.92378512"
"2016";"JU";"G25";"2547.07031605"
"2017";"CHE1";"S10";"973734.83875149"
"2017";"CHE1";"G10";"356101.77448603"
"2017";"CHE1";"G15";"260458.3459862"
"2017";"CHE1";"G20";"94197.12180063"
"2017";"CHE1";"G25";"172067.92058877"
"2017";"ZH";"S10";"183961.56680884"
"2017";"ZH";"G10";"83482.98380835"
"2017";"ZH";"G15";"58744.77738936"
"2017";"ZH";"G20";"12381.16336866"
"2017";"ZH";"G25";"14002.01180497"
"2017";"BE";"S10";"102569.262022"
"2017";"BE";"G10";"21307.99626888"
"2017";"BE";"G15";"30603.74385553"
"2017";"BE";"G20";"24823.20874079"
"2017";"BE";"G25";"16048.11122619"
"2017";"LU";"S10";"45651.53780611"
"2017";"LU";"G10";"21997.12893299"
"2017";"LU";"G15";"7377.53656905"
"2017";"LU";"G20";"5142.23986087"
"2017";"LU";"G25";"9273.90768837"
"2017";"UR";"S10";"4099.69984629"
"2017";"UR";"G10";"2218.92858812"
"2017";"UR";"G15";"564.15624908"
"2017";"UR";"G20";"38.70348488"
"2017";"UR";"G25";"1195.75104956"
"2017";"SZ";"S10";"22784.82768026"
"2017";"SZ";"G10";"12607.10900146"
"2017";"SZ";"G15";"3774.35057617"
"2017";"SZ";"G20";"1439.82381603"
"2017";"SZ";"G25";"3218.1656472"
"2017";"OW";"S10";"4595.44534552"
"2017";"OW";"G10";"2909.84878777"
"2017";"OW";"G15";"471.09048285"
"2017";"OW";"G20";"173.64946116"
"2017";"OW";"G25";"981.78578711"
"2017";"NW";"S10";"5184.49136352"
"2017";"NW";"G10";"2938.23070944"
"2017";"NW";"G15";"739.05303245"
"2017";"NW";"G20";"76.42935549"
"2017";"NW";"G25";"1286.00313935"
"2017";"GL";"S10";"4292.54696302"
"2017";"GL";"G10";"2391.1622593"
"2017";"GL";"G15";"501.26026759"
"2017";"GL";"G20";"496.52437154"
"2017";"GL";"G25";"595.44229775"
"2017";"ZG";"S10";"18631.93929516"
"2017";"ZG";"G10";"9646.010141"
"2017";"ZG";"G15";"4571.80455805"
"2017";"ZG";"G20";"295.28181228"
"2017";"ZG";"G25";"3227.01739754"
"2017";"FR";"S10";"33258.49376633"
"2017";"FR";"G10";"13182.57836127"
"2017";"FR";"G15";"7196.75859496"
"2017";"FR";"G20";"1934.9811769"
"2017";"FR";"G25";"8811.22617965"
"2017";"SO";"S10";"31853.27427676"
"2017";"SO";"G10";"5143.83097822"
"2017";"SO";"G15";"6890.4525283"
"2017";"SO";"G20";"7891.36142197"
"2017";"SO";"G25";"9203.67407931"
"2017";"BS";"S10";"17280.14019989"
"2017";"BS";"G10";"7465.65012219"
"2017";"BS";"G15";"4882.0407122"
"2017";"BS";"G20";"439.62879586"
"2017";"BS";"G25";"1265.55368725"
"2017";"BL";"S10";"36782.18512037"
"2017";"BL";"G10";"17263.62627497"
"2017";"BL";"G15";"9236.24060119"
"2017";"BL";"G20";"1357.51787962"
"2017";"BL";"G25";"4390.0616544"
"2017";"SH";"S10";"8839.7631976"
"2017";"SH";"G10";"3849.51262004"
"2017";"SH";"G15";"1532.74248911"
"2017";"SH";"G20";"1833.74110055"
"2017";"SH";"G25";"851.4511263"
"2017";"AR";"S10";"6217.77484248"
"2017";"AR";"G10";"2135.44356205"
"2017";"AR";"G15";"1367.94500962"
"2017";"AR";"G20";"449.93844703"
"2017";"AR";"G25";"2025.11781915"
"2017";"AI";"S10";"1813.25427562"
"2017";"AI";"G10";"1349.69881514"
"2017";"AI";"G15";"126.25600636"
"2017";"AI";"G20";"30.2720605"
"2017";"AI";"G25";"291.8164387"
"2017";"SG";"S10";"55694.6068369"
"2017";"SG";"G10";"20947.37605963"
"2017";"SG";"G15";"7085.54656731"
"2017";"SG";"G20";"5681.2226576"
"2017";"SG";"G25";"17765.5304921"
"2017";"GR";"S10";"32841.94482756"
"2017";"GR";"G10";"15895.11507164"
"2017";"GR";"G15";"8468.41975069"
"2017";"GR";"G20";"467.83291121"
"2017";"GR";"G25";"5489.88266714"
"2017";"AG";"S10";"84308.66628712"
"2017";"AG";"G10";"23531.6704497"
"2017";"AG";"G15";"14259.89294293"
"2017";"AG";"G20";"23455.52916815"
"2017";"AG";"G25";"17924.63344013"
"2017";"TG";"S10";"34763.62475404"
"2017";"TG";"G10";"16976.06981079"
"2017";"TG";"G15";"4632.56412082"
"2017";"TG";"G20";"868.31300581"
"2017";"TG";"G25";"10675.91298786"
"2017";"TI";"S10";"48081.77317641"
"2017";"TI";"G10";"10072.29672768"
"2017";"TI";"G15";"14324.34942176"
"2017";"TI";"G20";"380.45444032"
"2017";"TI";"G25";"12253.1882"
"2017";"VD";"S10";"81336.81879686"
"2017";"VD";"G10";"28542.49017669"
"2017";"VD";"G15";"30256.75139373"
"2017";"VD";"G20";"2638.6191328"
"2017";"VD";"G25";"10256.00881024"
"2017";"VS";"S10";"37207.87577971"
"2017";"VS";"G10";"10207.69833859"
"2017";"VS";"G15";"11487.67691859"
"2017";"VS";"G20";"416.86566883"
"2017";"VS";"G25";"12483.42446778"
"2017";"NE";"S10";"15563.1351057"
"2017";"NE";"G10";"7298.55718079"
"2017";"NE";"G15";"4339.15885135"
"2017";"NE";"G20";"295.51968039"
"2017";"NE";"G25";"1988.09668987"
"2017";"GE";"S10";"48738.84188312"
"2017";"GE";"G10";"10591.18513085"
"2017";"GE";"G15";"25362.17639765"
"2017";"GE";"G20";"521.14143623"
"2017";"GE";"G25";"3902.17781868"
"2017";"JU";"S10";"7381.34849432"
"2017";"JU";"G10";"2149.57630848"
"2017";"JU";"G15";"1661.60069949"
"2017";"JU";"G20";"667.15854513"
"2017";"JU";"G25";"2661.96799217"
"2018";"CHE1";"S10";"1009155.84171032"
"2018";"CHE1";"G10";"370719.90174262"
"2018";"CHE1";"G15";"267074.22593861"
"2018";"CHE1";"G20";"96874.91891601"
"2018";"CHE1";"G25";"179558.43223661"
"2018";"ZH";"S10";"191925.01401663"
"2018";"ZH";"G10";"87149.73425338"
"2018";"ZH";"G15";"61420.89674361"
"2018";"ZH";"G20";"12855.15320255"
"2018";"ZH";"G25";"14798.32190748"
"2018";"BE";"S10";"105771.76593057"
"2018";"BE";"G10";"22429.47942559"
"2018";"BE";"G15";"30824.61240723"
"2018";"BE";"G20";"25564.25786953"
"2018";"BE";"G25";"16718.04889448"
"2018";"LU";"S10";"47463.25797042"
"2018";"LU";"G10";"23070.405987"
"2018";"LU";"G15";"7556.08560996"
"2018";"LU";"G20";"5171.89154341"
"2018";"LU";"G25";"9805.70690342"
"2018";"UR";"S10";"4291.15096359"
"2018";"UR";"G10";"2314.06183952"
"2018";"UR";"G15";"585.09879613"
"2018";"UR";"G20";"40.43498667"
"2018";"UR";"G25";"1231.69937721"
"2018";"SZ";"S10";"23493.45533407"
"2018";"SZ";"G10";"12898.51126469"
"2018";"SZ";"G15";"4036.95411984"
"2018";"SZ";"G20";"1501.47897053"
"2018";"SZ";"G25";"3301.77057237"
"2018";"OW";"S10";"4663.45297221"
"2018";"OW";"G10";"3017.9784221"
"2018";"OW";"G15";"473.95361447"
"2018";"OW";"G20";"172.51442849"
"2018";"OW";"G25";"935.13368584"
"2018";"NW";"S10";"5380.48554754"
"2018";"NW";"G10";"3036.44014484"
"2018";"NW";"G15";"790.2588926"
"2018";"NW";"G20";"75.73060121"
"2018";"NW";"G25";"1332.40343437"
"2018";"GL";"S10";"4391.36905442"
"2018";"GL";"G10";"2424.82980866"
"2018";"GL";"G15";"502.12986047"
"2018";"GL";"G20";"522.28619321"
"2018";"GL";"G25";"635.60373307"
"2018";"ZG";"S10";"19221.38875278"
"2018";"ZG";"G10";"9987.01653634"
"2018";"ZG";"G15";"4733.15788483"
"2018";"ZG";"G20";"301.63744565"
"2018";"ZG";"G25";"3322.36823763"
"2018";"FR";"S10";"34699.4267545"
"2018";"FR";"G10";"13966.91154169"
"2018";"FR";"G15";"7337.81707635"
"2018";"FR";"G20";"1988.8534645"
"2018";"FR";"G25";"9162.1158949"
"2018";"SO";"S10";"32621.21540333"
"2018";"SO";"G10";"5409.00560163"
"2018";"SO";"G15";"6815.9326437"
"2018";"SO";"G20";"8065.43399966"
"2018";"SO";"G25";"9419.20242418"
"2018";"BS";"S10";"18220.70494423"
"2018";"BS";"G10";"7834.95097991"
"2018";"BS";"G15";"5176.3832745"
"2018";"BS";"G20";"456.1750497"
"2018";"BS";"G25";"1389.84710017"
"2018";"BL";"S10";"37505.53548325"
"2018";"BL";"G10";"17603.11859509"
"2018";"BL";"G15";"9330.1251103"
"2018";"BL";"G20";"1428.76449241"
"2018";"BL";"G25";"4527.02796532"
"2018";"SH";"S10";"9148.6226368"
"2018";"SH";"G10";"3903.13912414"
"2018";"SH";"G15";"1519.82214285"
"2018";"SH";"G20";"1881.55373325"
"2018";"SH";"G25";"1001.5898161"
"2018";"AR";"S10";"6394.8042156"
"2018";"AR";"G10";"2246.12098066"
"2018";"AR";"G15";"1325.55874276"
"2018";"AR";"G20";"444.34867854"
"2018";"AR";"G25";"2144.80709569"
"2018";"AI";"S10";"1896.62250564"
"2018";"AI";"G10";"1408.83049653"
"2018";"AI";"G15";"132.65818185"
"2018";"AI";"G20";"33.5606797"
"2018";"AI";"G25";"307.39219611"
"2018";"SG";"S10";"57707.31593689"
"2018";"SG";"G10";"21555.73644763"
"2018";"SG";"G15";"7213.92727815"
"2018";"SG";"G20";"5844.96017126"
"2018";"SG";"G25";"18643.62221721"
"2018";"GR";"S10";"33721.34481019"
"2018";"GR";"G10";"16334.36530776"
"2018";"GR";"G15";"8622.19555861"
"2018";"GR";"G20";"482.52614493"
"2018";"GR";"G25";"5722.83488469"
"2018";"AG";"S10";"87105.90002069"
"2018";"AG";"G10";"24905.61966294"
"2018";"AG";"G15";"14310.11070324"
"2018";"AG";"G20";"23898.9876879"
"2018";"AG";"G25";"18576.87506756"
"2018";"TG";"S10";"35893.1907206"
"2018";"TG";"G10";"17483.90245871"
"2018";"TG";"G15";"4584.02941844"
"2018";"TG";"G20";"951.20884308"
"2018";"TG";"G25";"11150.96668319"
"2018";"TI";"S10";"49315.26399032"
"2018";"TI";"G10";"10628.67636488"
"2018";"TI";"G15";"14605.72970145"
"2018";"TI";"G20";"396.27367254"
"2018";"TI";"G25";"12669.6537928"
"2018";"VD";"S10";"84817.84196581"
"2018";"VD";"G10";"29813.24533741"
"2018";"VD";"G15";"31257.95988628"
"2018";"VD";"G20";"2805.19343195"
"2018";"VD";"G25";"10649.48630847"
"2018";"VS";"S10";"38674.27932337"
"2018";"VS";"G10";"10642.26604329"
"2018";"VS";"G15";"11684.53771729"
"2018";"VS";"G20";"428.88022009"
"2018";"VS";"G25";"13062.58803326"
"2018";"NE";"S10";"16003.44052078"
"2018";"NE";"G10";"7463.78288626"
"2018";"NE";"G15";"4463.89136156"
"2018";"NE";"G20";"323.48530974"
"2018";"NE";"G25";"2044.83742575"
"2018";"GE";"S10";"51140.13202305"
"2018";"GE";"G10";"10899.85334894"
"2018";"GE";"G15";"26088.1843881"
"2018";"GE";"G20";"564.12536423"
"2018";"GE";"G25";"4236.86939465"
"2018";"JU";"S10";"7688.85991304"
"2018";"JU";"G10";"2291.91888303"
"2018";"JU";"G15";"1682.21482403"
"2018";"JU";"G20";"675.20273128"
"2018";"JU";"G25";"2767.65919069"
"2019";"CHE1";"S10";"1041570.61838995"
"2019";"CHE1";"G10";"386370.35707847"
"2019";"CHE1";"G15";"271192.67866816"
"2019";"CHE1";"G20";"99946.13680226"
"2019";"CHE1";"G25";"185290.51447633"
"2019";"ZH";"S10";"197071.66569722"
"2019";"ZH";"G10";"91126.15297811"
"2019";"ZH";"G15";"60859.93578231"
"2019";"ZH";"G20";"13379.64905413"
"2019";"ZH";"G25";"15436.69752877"
"2019";"BE";"S10";"108226.86378382"
"2019";"BE";"G10";"23373.23899143"
"2019";"BE";"G15";"30760.7461629"
"2019";"BE";"G20";"26340.41833734"
"2019";"BE";"G25";"17087.86939713"
"2019";"LU";"S10";"49148.04402281"
"2019";"LU";"G10";"24086.31680438"
"2019";"LU";"G15";"7696.68221669"
"2019";"LU";"G20";"5256.51663353"
"2019";"LU";"G25";"10130.78385958"
"2019";"UR";"S10";"4380.32371148"
"2019";"UR";"G10";"2314.70478536"
"2019";"UR";"G15";"628.20242772"
"2019";"UR";"G20";"48.78467923"
"2019";"UR";"G25";"1265.60015532"
"2019";"SZ";"S10";"24241.43574898"
"2019";"SZ";"G10";"13348.87668363"
"2019";"SZ";"G15";"4184.02962134"
"2019";"SZ";"G20";"1535.65081495"
"2019";"SZ";"G25";"3398.16244403"
"2019";"OW";"S10";"4879.92166733"
"2019";"OW";"G10";"3151.15075047"
"2019";"OW";"G15";"508.67970247"
"2019";"OW";"G20";"185.60810375"
"2019";"OW";"G25";"960.32689084"
"2019";"NW";"S10";"5492.88008193"
"2019";"NW";"G10";"3106.5248801"
"2019";"NW";"G15";"773.281102"
"2019";"NW";"G20";"82.43598871"
"2019";"NW";"G25";"1380.84460408"
"2019";"GL";"S10";"4458.94630413"
"2019";"GL";"G10";"2453.55770235"
"2019";"GL";"G15";"490.31862945"
"2019";"GL";"G20";"540.46929317"
"2019";"GL";"G25";"654.05540372"
"2019";"ZG";"S10";"19606.54645262"
"2019";"ZG";"G10";"10204.63554906"
"2019";"ZG";"G15";"4855.43733502"
"2019";"ZG";"G20";"311.71862197"
"2019";"ZG";"G25";"3358.35403233"
"2019";"FR";"S10";"36291.65625065"
"2019";"FR";"G10";"14794.33039999"
"2019";"FR";"G15";"7567.92902959"
"2019";"FR";"G20";"2069.14912815"
"2019";"FR";"G25";"9548.68863013"
"2019";"SO";"S10";"33563.32007224"
"2019";"SO";"G10";"5774.45997961"
"2019";"SO";"G15";"6895.02392271"
"2019";"SO";"G20";"8186.01996714"
"2019";"SO";"G25";"9643.96014204"
"2019";"BS";"S10";"18809.49854372"
"2019";"BS";"G10";"8208.75487773"
"2019";"BS";"G15";"5247.72710607"
"2019";"BS";"G20";"488.7550435"
"2019";"BS";"G25";"1454.53878982"
"2019";"BL";"S10";"39054.14212903"
"2019";"BL";"G10";"18569.93240013"
"2019";"BL";"G15";"9560.70085394"
"2019";"BL";"G20";"1546.54973758"
"2019";"BL";"G25";"4661.91154668"
"2019";"SH";"S10";"9278.33795039"
"2019";"SH";"G10";"3936.15666183"
"2019";"SH";"G15";"1461.10102259"
"2019";"SH";"G20";"1929.01265982"
"2019";"SH";"G25";"1072.28831936"
"2019";"AR";"S10";"6520.20764582"
"2019";"AR";"G10";"2317.59059548"
"2019";"AR";"G15";"1290.03547023"
"2019";"AR";"G20";"463.53858182"
"2019";"AR";"G25";"2200.35748926"
"2019";"AI";"S10";"1992.9065059"
"2019";"AI";"G10";"1450.50508908"
"2019";"AI";"G15";"172.45808242"
"2019";"AI";"G20";"34.09276095"
"2019";"AI";"G25";"318.82264693"
"2019";"SG";"S10";"59851.35243653"
"2019";"SG";"G10";"22708.77763338"
"2019";"SG";"G15";"7208.46939908"
"2019";"SG";"G20";"6112.52997355"
"2019";"SG";"G25";"19193.3963552"
"2019";"GR";"S10";"34365.19222918"
"2019";"GR";"G10";"16678.77046888"
"2019";"GR";"G15";"8711.65112781"
"2019";"GR";"G20";"516.39741493"
"2019";"GR";"G25";"5861.81108223"
"2019";"AG";"S10";"89938.90558787"
"2019";"AG";"G10";"25940.77776805"
"2019";"AG";"G15";"14844.4987437"
"2019";"AG";"G20";"24365.68854631"
"2019";"AG";"G25";"19031.98532605"
"2019";"TG";"S10";"37159.57030799"
"2019";"TG";"G10";"18155.79052272"
"2019";"TG";"G15";"4563.40339653"
"2019";"TG";"G20";"1001.76811906"
"2019";"TG";"G25";"11588.75529798"
"2019";"TI";"S10";"50684.04326835"
"2019";"TI";"G10";"11100.38125489"
"2019";"TI";"G15";"14886.18457728"
"2019";"TI";"G20";"443.82798123"
"2019";"TI";"G25";"13093.62257049"
"2019";"VD";"S10";"88451.28248205"
"2019";"VD";"G10";"31015.31368204"
"2019";"VD";"G15";"32625.75316003"
"2019";"VD";"G20";"2974.95290059"
"2019";"VD";"G25";"10969.11134532"
"2019";"VS";"S10";"40481.00036272"
"2019";"VS";"G10";"11075.05284064"
"2019";"VS";"G15";"12366.98842073"
"2019";"VS";"G20";"455.7474329"
"2019";"VS";"G25";"13666.73264352"
"2019";"NE";"S10";"16579.33093531"
"2019";"NE";"G10";"7614.5722661"
"2019";"NE";"G15";"4520.17228783"
"2019";"NE";"G20";"345.37155556"
"2019";"NE";"G25";"2128.9850351"
"2019";"GE";"S10";"53118.65319653"
"2019";"GE";"G10";"11470.28550603"
"2019";"GE";"G15";"26797.19268037"
"2019";"GE";"G20";"649.02403606"
"2019";"GE";"G25";"4341.64527747"
"2019";"JU";"S10";"7924.59101535"
"2019";"JU";"G10";"2393.74600703"
"2019";"JU";"G15";"1716.07640735"
"2019";"JU";"G20";"682.45943634"
"2019";"JU";"G25";"2841.20766297"
